Workbook

Sheet Rates from Ireland Fedex Priort
A1: Type | B1: Ship From | C1: Ship To | D1: Doc 0.5kg | E1: Paket 1kg | F1: Paket 2kg | G1: Box 5kg | H1: Box 10kg | I1: Box 15kg | J1: Box 20kg | K1: Box 25kg | L1: Suitcase 10kg | M1: Suitcase 20kg | N1: Suitcase 30kg | O1: Days ENV | P1: Days PARCEL | Q1: Insurance | R1: Rating | S1: Courier | T1: Service
A2: EU | B2: Ireland | C2: Afghanistan | D2: No service | E2: No service | F2: No service | G2: No service | H2: No service | I2: No service | J2: No service | K2: No service | L2: No service | M2: No service | N2: No service
A3: EU | B3: Ireland | C3: Albania | D3: 35.5 | E3: 44.375 | F3: 47.375 | G3: 56.875 | H3: 61.25 | I3: 68.75 | J3: No service | K3: No service | L3: No service | M3: No service | N3: No service | O3: 8 Days | P3: 9 Days | Q3: 80 | R3: 4/5* | S3: FedEx Prioirty | T3: Priority
A4: EU | B4: Ireland | C4: Algeria | D4: 21.06 | E4: 28.075 | F4: 31.6625 | G4: 45.05 | H4: 70.35 | I4: 133.225 | J4: No service | K4: No service | L4: No service | M4: No service | N4: No service | O4: 3 Days | P4: 3-4 Days | Q4: 80 | R4: 4/5* | S4: FedEx Prioirty | T4: Priority
A5: EU | B5: Ireland | C5: American Samoa (US) | D5: 31.72 | E5: 42.1875 | F5: 47.375 | G5: 65.45 | H5: No service | I5: No service | J5: No service | K5: No service | L5: No service | M5: No service | N5: No service | S5: FedEx Prioirty | T5: Priority
A6: EU | B6: Ireland | C6: Andorra | D6: 23 | E6: 24.625 | F6: 25 | G6: 26.25 | H6: 30.625 | I6: 37.5 | J6: No service | K6: No service | L6: No service | M6: No service | N6: No service | O6: 6 Days | P6: 8 Days | Q6: 80 | R6: 4/5* | S6: FedEx Prioirty | T6: Priority
A7: EU | B7: Ireland | C7: Angola | D7: 31.72 | E7: 42.1875 | F7: 47.375 | G7: 65.45 | H7: 93.375 | I7: 201.825 | J7: No service | K7: No service | L7: No service | M7: No service | N7: No service | O7: 2-4 Days | P7: 2-5 Days | Q7: 80 | R7: 4/5* | S7: FedEx Prioirty | T7: Priority
A8: EU | B8: Ireland | C8: Anguilla | D8: 27.47 | E8: 36.125 | F8: 40.0125 | G8: 55.9875 | H8: 76.5 | I8: 178.275 | J8: No service | K8: No service | L8: No service | M8: No service | N8: No service | O8: 7 Days | P8: 12-14 Days | Q8: 80 | R8: 4/5* | S8: FedEx Prioirty | T8: Priority
A9: EU | B9: Ireland | C9: Antigua and Barbuda | D9: 27.47 | E9: 36.125 | F9: 40.0125 | G9: 55.9875 | H9: 76.5 | I9: 178.275 | J9: No service | K9: No service | L9: No service | M9: No service | N9: No service | O9: 5 Days | P9: 8 Days | Q9: 80 | R9: 4/5* | S9: FedEx Prioirty | T9: Priority
A10: EU | B10: Ireland | C10: Argentina | D10: 27.47 | E10: 36.125 | F10: 40.0125 | G10: 55.9875 | H10: 76.5 | I10: 178.275 | J10: No service | K10: No service | L10: No service | M10: No service | N10: No service | O10: 5 Days | P10: 8 Days | Q10: 80 | R10: 4/5* | S10: FedEx Prioirty | T10: Priority
A11: EU | B11: Ireland | C11: Armenia | D11: 21.06 | E11: 28.075 | F11: 31.6625 | G11: 45.05 | H11: 70.35 | I11: 133.225 | J11: No service | K11: No service | L11: No service | M11: No service | N11: No service | O11: 3 Days | P11: 3-4 Days | Q11: 80 | R11: 4/5* | S11: FedEx Prioirty | T11: Priority
A12: EU | B12: Ireland | C12: Aruba (Netherlands) | D12: 27.47 | E12: 36.125 | F12: 40.0125 | G12: 55.9875 | H12: 76.5 | I12: 178.275 | J12: No service | K12: No service | L12: No service | M12: No service | N12: No service | O12: 5 Days | P12: 8 Days | Q12: 80 | R12: 4/5* | S12: FedEx Prioirty | T12: Priority
A13: EU | B13: Ireland | C13: Australia | D13: 47.67 | E13: 63.75 | F13: 72.325 | G13: 107.775 | H13: 153.15 | I13: 235 | J13: No service | K13: No service | L13: No service | M13: No service | N13: No service | O13: 5 Days | P13: 8 Days | Q13: 80 | R13: 4/5* | S13: FedEx Prioirty | T13: Priority
A14: EU | B14: Ireland | C14: Austria | D14: 23 | E14: 24.625 | F14: 25 | G14: 26.25 | H14: 30.625 | I14: 37.5 | J14: 47.5 | K14: 52.5 | L14: 52.5 | M14: 84.375 | N14: 86.25 | O14: 3 Days | P14: 8 Days | Q14: 80 | R14: 4/5* | S14: FedEx Prioirty | T14: Priority
A15: EU | B15: Ireland | C15: Azerbaijan | D15: 21.06 | E15: 28.075 | F15: 31.6625 | G15: 45.05 | H15: 70.35 | I15: 133.225 | J15: No service | K15: No service | L15: No service | M15: No service | N15: No service | O15: 3 Days | P15: 3-4 Days | Q15: 80 | R15: 4/5* | S15: FedEx Prioirty | T15: Priority
A16: EU | B16: Ireland | C16: Bahamas | D16: 27.47 | E16: 36.125 | F16: 40.0125 | G16: 55.9875 | H16: 76.5 | I16: 178.275 | J16: No service | K16: No service | L16: No service | M16: No service | N16: No service | O16: 5 Days | P16: 8 Days | Q16: 80 | R16: 4/5* | S16: FedEx Prioirty | T16: Priority
A17: EU | B17: Ireland | C17: Bahrain | D17: 21.06 | E17: 28.075 | F17: 31.6625 | G17: 45.05 | H17: 70.35 | I17: 133.225 | J17: No service | K17: No service | L17: No service | M17: No service | N17: No service | O17: 3 Days | P17: 3-4 Days | Q17: 80 | R17: 4/5* | S17: FedEx Prioirty | T17: Priority
A18: EU | B18: Ireland | C18: Bangladesh | D18: 21.06 | E18: 28.075 | F18: 31.6625 | G18: 45.05 | H18: 70.35 | I18: 133.225 | J18: No service | K18: No service | L18: No service | M18: No service | N18: No service | O18: 3 Days | P18: 3-4 Days | Q18: 80 | R18: 4/5* | S18: FedEx Prioirty | T18: Priority
A19: EU | B19: Ireland | C19: Barbados | D19: 27.47 | E19: 36.125 | F19: 40.0125 | G19: 55.9875 | H19: 76.5 | I19: 178.275 | J19: No service | K19: No service | L19: No service | M19: No service | N19: No service | O19: 5 Days | P19: 8 Days | Q19: 80 | R19: 4/5* | S19: FedEx Prioirty | T19: Priority
A20: EU | B20: Ireland | C20: Belarus | D20: No service | E20: No service | F20: No service | G20: No service | H20: No service | I20: No service | J20: No service | K20: No service | L20: No service | M20: No service | N20: No service | S20: FedEx Prioirty | T20: Priority
A21: EU | B21: Ireland | C21: Belgium | D21: 21.5 | E21: 23.875 | F21: 26.25 | G21: 28.75 | H21: 31.25 | I21: 36.25 | J21: 45 | K21: 51.25 | L21: 78.75 | M21: 86.25 | N21: 91.25 | O21: 3 Days | P21: 5 Days | Q21: 80 | R21: 4/5* | S21: FedEx Prioirty | T21: Priority
A22: EU | B22: Ireland | C22: Belize | D22: 27.47 | E22: 36.125 | F22: 40.0125 | G22: 55.9875 | H22: 76.5 | I22: 178.275 | J22: No service | K22: No service | L22: No service | M22: No service | N22: No service | O22: 5 Days | P22: 8 Days | Q22: 80 | R22: 4/5* | S22: FedEx Prioirty | T22: Priority
A23: EU | B23: Ireland | C23: Benin | D23: 34.52 | E23: 42.1875 | F23: 47.375 | G23: 65.45 | H23: 93.375 | I23: 201.825 | J23: No service | K23: No service | L23: No service | M23: No service | N23: No service | O23: 5 Days | P23: 9 Days | Q23: 80 | R23: 4/5* | S23: FedEx Prioirty | T23: Priority
A24: EU | B24: Ireland | C24: Bermuda (BOT) | D24: 27.47 | E24: 36.125 | F24: 40.0125 | G24: 55.9875 | H24: 76.5 | I24: 178.275 | J24: No service | K24: No service | L24: No service | M24: No service | N24: No service | O24: 5 Days | P24: 8 Days | Q24: 80 | R24: 4/5* | S24: FedEx Prioirty | T24: Priority
A25: EU | B25: Ireland | C25: Bhutan | D25: 21.06 | E25: 28.075 | F25: 31.6625 | G25: 45.05 | H25: 70.35 | I25: 133.225 | J25: No service | K25: No service | L25: No service | M25: No service | N25: No service | O25: 3 Days | P25: 3-4 Days | Q25: 80 | R25: 4/5* | S25: FedEx Prioirty | T25: Priority
A26: EU | B26: Ireland | C26: Bolivia | D26: 30.11 | E26: 36.125 | F26: 40.0125 | G26: 55.9875 | H26: 76.5 | I26: 178.275 | J26: No service | K26: No service | L26: No service | M26: No service | N26: No service | O26: 8 Days | P26: 9 Days | Q26: 80 | R26: 4/5* | S26: FedEx Prioirty | T26: Priority
A27: EU | B27: Ireland | C27: Bonaire | D27: 30.11 | E27: 36.125 | F27: 40.0125 | G27: 55.9875 | H27: 76.5 | I27: 178.275 | J27: No service | K27: No service | L27: No service | M27: No service | N27: No service | O27: 8 Days | P27: 9 Days | Q27: 80 | R27: 4/5* | S27: FedEx Prioirty | T27: Priority
A28: EU | B28: Ireland | C28: Bosnia and Herzegovina | D28: 35.5 | E28: 44.375 | F28: 47.375 | G28: 56.875 | H28: 61.25 | I28: 68.75 | J28: No service | K28: No service | L28: No service | M28: No service | N28: No service | O28: 3 Days | P28: 4 Days | Q28: 80 | R28: 4/5* | S28: FedEx Prioirty | T28: Priority
A29: EU | B29: Ireland | C29: Botswana | D29: 31.72 | E29: 42.1875 | F29: 47.375 | G29: 65.45 | H29: 93.375 | I29: 201.825 | J29: No service | K29: No service | L29: No service | M29: No service | N29: No service | O29: 2-4 Days | P29: 2-5 Days | Q29: 80 | R29: 4/5* | S29: FedEx Prioirty | T29: Priority
A30: EU | B30: Ireland | C30: Brazil | D30: 27.47 | E30: 36.125 | F30: 40.0125 | G30: 55.9875 | H30: 76.5 | I30: 178.275 | J30: No service | K30: No service | L30: No service | M30: No service | N30: No service | O30: 5 Days | P30: 8 Days | Q30: 80 | R30: 4/5* | S30: FedEx Prioirty | T30: Priority
A31: EU | B31: Ireland | C31: British Virgin Islands | D31: 30.11 | E31: 36.125 | F31: 40.0125 | G31: 55.9875 | H31: 76.5 | I31: 178.275 | J31: No service | K31: No service | L31: No service | M31: No service | N31: No service | O31: 8 Days | P31: 9 Days | Q31: 80 | R31: 4/5* | S31: FedEx Prioirty | T31: Priority
A32: EU | B32: Ireland | C32: Brunei | D32: 21.06 | E32: 28.075 | F32: 31.6625 | G32: 45.05 | H32: 70.35 | I32: 133.225 | J32: No service | K32: No service | L32: No service | M32: No service | N32: No service | O32: 3 Days | P32: 3-4 Days | Q32: 80 | R32: 4/5* | S32: FedEx Prioirty | T32: Priority
A33: EU | B33: Ireland | C33: Bulgaria | D33: 28 | E33: 33.75 | F33: 36.25 | G33: 38.75 | H33: 41.25 | I33: 55 | J33: 62.5 | K33: 71.25 | L33: 98.75 | M33: 106.25 | N33: 111.25 | O33: 4 Days | P33: 12 Days | Q33: 80 | R33: 4/5* | S33: FedEx Prioirty | T33: Priority
A34: EU | B34: Ireland | C34: Burkina Faso | D34: 32 | E34: 42.1875 | F34: 47.375 | G34: 65.45 | H34: 93.375 | I34: 201.825 | J34: No service | K34: No service | L34: No service | M34: No service | N34: No service | O34: 9 Days | P34: 10-12 Days | Q34: 80 | R34: 4/5* | S34: FedEx Prioirty | T34: Priority
A35: EU | B35: Ireland | C35: Burundi | D35: 32 | E35: 42.1875 | F35: 47.375 | G35: 65.45 | H35: 93.375 | I35: 201.825 | J35: No service | K35: No service | L35: No service | M35: No service | N35: No service | O35: 9 Days | P35: 10-12 Days | Q35: 80 | R35: 4/5* | S35: FedEx Prioirty | T35: Priority
A36: EU | B36: Ireland | C36: Cambodia | D36: 25.05 | E36: 33.05 | F36: 37.5875 | G36: 54.8375 | H36: 77.575 | I36: 137.9125 | J36: No service | K36: No service | L36: No service | M36: No service | N36: No service | O36: 7 Days | P36: 10-13 Days | Q36: 80 | R36: 4/5* | S36: FedEx Prioirty | T36: Priority
A37: EU | B37: Ireland | C37: Cameroon | D37: 31.72 | E37: 42.1875 | F37: 47.375 | G37: 65.45 | H37: 93.375 | I37: 201.825 | J37: No service | K37: No service | L37: No service | M37: No service | N37: No service | O37: 2-4 Days | P37: 2-5 Days | Q37: 80 | R37: 4/5* | S37: FedEx Prioirty | T37: Priority
A38: EU | B38: Ireland | C38: Canada | D38: 29.45 | E38: 29.8125 | F38: 33.875 | G38: 51.15 | H38: 71.325 | I38: 139.8875 | J38: No service | K38: No service | L38: No service | M38: No service | N38: No service | O38: 2-4 Days | P38: 6-7 Days | Q38: 80 | R38: 4/5* | S38: FedEx Prioirty | T38: Priority
A39: EU | B39: Ireland | C39: Cape Verde | D39: 31.72 | E39: 42.1875 | F39: 47.375 | G39: 65.45 | H39: 93.375 | I39: 201.825 | J39: No service | K39: No service | L39: No service | M39: No service | N39: No service | O39: 2-4 Days | P39: 2-5 Days | Q39: 80 | R39: 4/5* | S39: FedEx Prioirty | T39: Priority
A40: EU | B40: Ireland | C40: Cayman Islands | D40: 27.47 | E40: 36.125 | F40: 40.0125 | G40: 55.9875 | H40: 76.5 | I40: 178.275 | J40: No service | K40: No service | L40: No service | M40: No service | N40: No service | O40: 5 Days | P40: 8 Days | Q40: 80 | R40: 4/5* | S40: FedEx Prioirty | T40: Priority
A41: EU | B41: Ireland | C41: Central African Republic | D41: No service | E41: No service | F41: No service | G41: No service | H41: No service | I41: No service | J41: No service | K41: No service | L41: No service | M41: No service | N41: No service | S41: FedEx Prioirty | T41: Priority
A42: EU | B42: Ireland | C42: Chad | D42: 31.72 | E42: 42.1875 | F42: 47.375 | G42: 65.45 | H42: 93.375 | I42: 201.825 | J42: No service | K42: No service | L42: No service | M42: No service | N42: No service | O42: 2-4 Days | P42: 2-5 Days | Q42: 80 | R42: 4/5* | S42: FedEx Prioirty | T42: Priority
A43: EU | B43: Ireland | C43: Chile | D43: 27.47 | E43: 36.125 | F43: 40.0125 | G43: 55.9875 | H43: 76.5 | I43: 178.275 | J43: No service | K43: No service | L43: No service | M43: No service | N43: No service | O43: 5 Days | P43: 8 Days | Q43: 80 | R43: 4/5* | S43: FedEx Prioirty | T43: Priority
A44: EU | B44: Ireland | C44: China | D44: 18.61 | E44: 60.425 | F44: 63.6125 | G44: 76.55 | H44: 90.525 | I44: 155.6 | J44: No service | K44: No service | L44: No service | M44: No service | N44: No service | O44: 3-4 Days | P44: 10 Days | Q44: 80 | S44: FedEx Prioirty | T44: Priority
A45: EU | B45: Ireland | C45: Christmas Island | D45: No service | E45: No service | F45: No service | G45: No service | H45: No service | I45: No service | J45: No service | K45: No service | L45: No service | M45: No service | N45: No service | S45: FedEx Prioirty | T45: Priority
A46: EU | B46: Ireland | C46: Cocos (Keeling) Islands | D46: No service | E46: No service | F46: No service | G46: No service | H46: No service | I46: No service | J46: No service | K46: No service | L46: No service | M46: No service | N46: No service | S46: FedEx Prioirty | T46: Priority
A47: EU | B47: Ireland | C47: Colombia | D47: 27.47 | E47: 36.125 | F47: 40.0125 | G47: 55.9875 | H47: 76.5 | I47: 178.275 | J47: No service | K47: No service | L47: No service | M47: No service | N47: No service | O47: 5 Days | P47: 8 Days | Q47: 80 | R47: 4/5* | S47: FedEx Prioirty | T47: Priority
A48: EU | B48: Ireland | C48: Comoros | D48: No service | E48: No service | F48: No service | G48: No service | H48: No service | I48: No service | J48: No service | K48: No service | L48: No service | M48: No service | N48: No service | S48: FedEx Prioirty | T48: Priority
A49: EU | B49: Ireland | C49: Congo | D49: 31.72 | E49: 42.1875 | F49: 47.375 | G49: 65.45 | H49: 93.375 | I49: 201.825 | J49: No service | K49: No service | L49: No service | M49: No service | N49: No service | O49: 2-4 Days | P49: 2-5 Days | Q49: 80 | R49: 4/5* | S49: FedEx Prioirty | T49: Priority
A50: EU | B50: Ireland | C50: Cook Islands | D50: 31.72 | E50: 42.1875 | F50: 47.375 | G50: 65.45 | H50: 93.375 | I50: 201.825 | J50: No service | K50: No service | L50: No service | M50: No service | N50: No service | O50: 2-4 Days | P50: 2-5 Days | Q50: 80 | R50: 4/5* | S50: FedEx Prioirty | T50: Priority
A51: EU | B51: Ireland | C51: Costa Rica | D51: 27.47 | E51: 36.125 | F51: 40.0125 | G51: 55.9875 | H51: 76.5 | I51: 178.275 | J51: No service | K51: No service | L51: No service | M51: No service | N51: No service | O51: 5 Days | P51: 8 Days | Q51: 80 | R51: 4/5* | S51: FedEx Prioirty | T51: Priority
A52: EU | B52: Ireland | C52: Croatia | D52: 28 | E52: 33.75 | F52: 36.25 | G52: 38.75 | H52: 41.25 | I52: 55 | J52: 62.5 | K52: 71.25 | L52: 98.75 | M52: 106.25 | N52: 111.25 | O52: 4 Days | P52: 12 Days | Q52: 80 | R52: 4/5* | S52: FedEx Prioirty | T52: Priority
A53: EU | B53: Ireland | C53: Cuba | D53: No service | E53: No service | F53: No service | G53: No service | H53: No service | I53: No service | J53: No service | K53: No service | L53: No service | M53: No service | N53: No service | S53: FedEx Prioirty | T53: Priority
A54: EU | B54: Ireland | C54: Curacao | D54: 27.47 | E54: 36.125 | F54: 40.0125 | G54: 55.9875 | H54: 76.5 | I54: 178.275 | J54: No service | K54: No service | L54: No service | M54: No service | N54: No service | O54: 5 Days | P54: 8 Days | Q54: 80 | R54: 4/5* | S54: FedEx Prioirty | T54: Priority
A55: EU | B55: Ireland | C55: Cyprus | D55: 45 | E55: 55 | F55: 55 | G55: 61.25 | H55: 68.75 | I55: 82.5 | J55: 95 | K55: 106.25 | L55: 136.25 | M55: 146.25 | N55: 168.75 | O55: 4 Days | P55: 6-9 Days | Q55: 80 | R55: 4/5* | S55: FedEx Prioirty | T55: Priority
A56: EU | B56: Ireland | C56: Czech Republic | D56: 28 | E56: 33.75 | F56: 36.25 | G56: 38.75 | H56: 41.25 | I56: 55 | J56: 62.5 | K56: 71.25 | L56: 73.75 | M56: 81.25 | N56: 86.25 | O56: 4 Days | P56: 12 Days | Q56: 80 | R56: 4/5* | S56: FedEx Prioirty | T56: Priority
A57: EU | B57: Ireland | C57: Denmark | D57: 21.45 | E57: 24.5125 | F57: 25 | G57: 27.5 | H57: 33.75 | I57: 40.4 | J57: 46.6125 | K57: 52.825 | L57: 58.75 | M57: 71.6125 | N57: 86.25 | O57: 3 Days | P57: 6 Days | Q57: 80 | R57: 4/5* | S57: FedEx Prioirty | T57: Priority
A58: EU | B58: Ireland | C58: Djibouti | D58: 31.72 | E58: 42.1875 | F58: 47.375 | G58: 65.45 | H58: 93.375 | I58: 201.825 | J58: No service | K58: No service | L58: No service | M58: No service | N58: No service | O58: 2-4 Days | P58: 2-5 Days | Q58: 80 | R58: 4/5* | S58: FedEx Prioirty | T58: Priority
A59: EU | B59: Ireland | C59: Dominica | D59: 27.47 | E59: 36.125 | F59: 40.0125 | G59: 55.9875 | H59: 76.5 | I59: 178.275 | J59: No service | K59: No service | L59: No service | M59: No service | N59: No service | O59: 5 Days | P59: 8 Days | Q59: 80 | R59: 4/5* | S59: FedEx Prioirty | T59: Priority
A60: EU | B60: Ireland | C60: Dominican Republic | D60: 27.47 | E60: 36.125 | F60: 40.0125 | G60: 55.9875 | H60: 76.5 | I60: 178.275 | J60: No service | K60: No service | L60: No service | M60: No service | N60: No service | O60: 5 Days | P60: 8 Days | Q60: 80 | R60: 4/5* | S60: FedEx Prioirty | T60: Priority
A61: EU | B61: Ireland | C61: DR Congo | D61: 31.72 | E61: 42.1875 | F61: 47.375 | G61: 65.45 | H61: 93.375 | I61: 201.825 | J61: No service | K61: No service | L61: No service | M61: No service | N61: No service | O61: 2-4 Days | P61: 2-5 Days | Q61: 80 | R61: 4/5* | S61: FedEx Prioirty | T61: Priority
A62: EU | B62: Ireland | C62: East Timor | D62: No service | E62: No service | F62: No service | G62: No service | H62: No service | I62: No service | J62: No service | K62: No service | L62: No service | M62: No service | N62: No service | S62: FedEx Prioirty | T62: Priority
A63: EU | B63: Ireland | C63: Ecuador | D63: No service | E63: No service | F63: No service | G63: No service | H63: No service | I63: No service | J63: No service | K63: No service | L63: No service | M63: No service | N63: No service | S63: FedEx Prioirty | T63: Priority
A64: EU | B64: Ireland | C64: Egypt | D64: 21.06 | E64: 28.075 | F64: 31.6625 | G64: 45.05 | H64: 70.35 | I64: 133.225 | J64: No service | K64: No service | L64: No service | M64: No service | N64: No service | O64: 3 Days | P64: 3-4 Days | Q64: 80 | R64: 4/5* | S64: FedEx Prioirty | T64: Priority
A65: EU | B65: Ireland | C65: El Salvador | D65: 27.47 | E65: 36.125 | F65: 40.0125 | G65: 55.9875 | H65: 76.5 | I65: 178.275 | J65: No service | K65: No service | L65: No service | M65: No service | N65: No service | O65: 5 Days | P65: 8 Days | Q65: 80 | R65: 4/5* | S65: FedEx Prioirty | T65: Priority
A66: EU | B66: Ireland | C66: Equatorial Guinea | D66: No service | E66: No service | F66: No service | G66: No service | H66: No service | I66: No service | J66: No service | K66: No service | L66: No service | M66: No service | N66: No service | S66: FedEx Prioirty | T66: Priority
A67: EU | B67: Ireland | C67: Eritrea | D67: 31.72 | E67: 42.1875 | F67: 47.375 | G67: 65.45 | H67: 93.375 | I67: 201.825 | J67: No service | K67: No service | L67: No service | M67: No service | N67: No service | O67: 2-4 Days | P67: 2-5 Days | Q67: 80 | R67: 4/5* | S67: FedEx Prioirty | T67: Priority
A68: EU | B68: Ireland | C68: Estonia | D68: 26.62 | E68: 32.2625 | F68: 32.5 | G68: 36.25 | H68: 38.175 | I68: 53.9 | J68: 62.25 | K68: 70.6125 | L68: 63.175 | M68: 85.55 | N68: 105.425 | O68: 3 Days | P68: 10-12 Days | Q68: 80 | R68: 4/5* | S68: FedEx Prioirty | T68: Priority
A69: EU | B69: Ireland | C69: Eswatini | D69: 31.72 | E69: 42.1875 | F69: 47.375 | G69: 65.45 | H69: 93.375 | I69: 201.825 | J69: No service | K69: No service | L69: No service | M69: No service | N69: No service | O69: 2-4 Days | P69: 2-5 Days | Q69: 80 | R69: 4/5* | S69: FedEx Prioirty | T69: Priority
A70: EU | B70: Ireland | C70: Ethiopia | D70: 31.72 | E70: 42.1875 | F70: 47.375 | G70: 65.45 | H70: 93.375 | I70: 201.825 | J70: No service | K70: No service | L70: No service | M70: No service | N70: No service | O70: 2-4 Days | P70: 2-5 Days | Q70: 80 | R70: 4/5* | S70: FedEx Prioirty | T70: Priority
A71: EU | B71: Ireland | C71: Falkland Islands | D71: No service | E71: No service | F71: No service | G71: No service | H71: No service | I71: No service | J71: No service | K71: No service | L71: No service | M71: No service | N71: No service | S71: FedEx Prioirty | T71: Priority
A72: EU | B72: Ireland | C72: Faroe Islands (Denmark) | D72: 17.44 | E72: 24.5125 | F72: 25 | G72: 27.5 | H72: 33.75 | I72: 40.4 | J72: 46.6125 | K72: 52.825 | L72: 58.75 | M72: 71.6125 | N72: 86.25 | O72: 3 Days | P72: 6 Days | Q72: 80 | R72: 4/5* | S72: FedEx Prioirty | T72: Priority
A73: EU | B73: Ireland | C73: Fiji | D73: 31.72 | E73: 42.1875 | F73: 47.375 | G73: 65.45 | H73: 93.375 | I73: 201.825 | J73: No service | K73: No service | L73: No service | M73: No service | N73: No service | O73: 2-4 Days | P73: 2-5 Days | Q73: 80 | R73: 4/5* | S73: FedEx Prioirty | T73: Priority
A74: EU | B74: Ireland | C74: Finland | D74: 21.45 | E74: 24.5125 | F74: 25 | G74: 27.5 | H74: 33.75 | I74: 40.4 | J74: 46.6125 | K74: 52.825 | L74: 58.75 | M74: 71.6125 | N74: 86.25 | O74: 3 Days | P74: 6 Days | Q74: 80 | R74: 4/5* | S74: FedEx Prioirty | T74: Priority
A75: EU | B75: Ireland | C75: France | D75: 21.5 | E75: 23.875 | F75: 26.25 | G75: 28.75 | H75: 31.25 | I75: 36.25 | J75: 45 | K75: 51.25 | L75: 78.75 | M75: 86.25 | N75: 91.25 | O75: 3 Days | P75: 6 Days | Q75: 80 | R75: 4/5* | S75: FedEx Prioirty | T75: Priority
A76: EU | B76: Ireland | C76: French Guiana (France) | D76: 27.47 | E76: 36.125 | F76: 40.0125 | G76: 55.9875 | H76: 76.5 | I76: 178.275 | J76: No service | K76: No service | L76: No service | M76: No service | N76: No service | O76: 5 Days | P76: 8 Days | Q76: 80 | R76: 4/5* | S76: FedEx Prioirty | T76: Priority
A77: EU | B77: Ireland | C77: French Polynesia (France) | D77: 27.47 | E77: 36.125 | F77: 40.0125 | G77: 55.9875 | H77: 76.5 | I77: 178.275 | J77: No service | K77: No service | L77: No service | M77: No service | N77: No service | O77: 5 Days | P77: 8 Days | Q77: 80 | R77: 4/5* | S77: FedEx Prioirty | T77: Priority
A78: EU | B78: Ireland | C78: Gabon | D78: 31.72 | E78: 42.1875 | F78: 47.375 | G78: 65.45 | H78: 93.375 | I78: 201.825 | J78: No service | K78: No service | L78: No service | M78: No service | N78: No service | O78: 2-4 Days | P78: 2-5 Days | Q78: 80 | R78: 4/5* | S78: FedEx Prioirty | T78: Priority
A79: EU | B79: Ireland | C79: Gambia | D79: 31.72 | E79: 42.1875 | F79: 47.375 | G79: 65.45 | H79: 93.375 | I79: 201.825 | J79: No service | K79: No service | L79: No service | M79: No service | N79: No service | O79: 9 Days | P79: 10-12 Days | Q79: 80 | R79: 4/5* | S79: FedEx Prioirty | T79: Priority
A80: EU | B80: Ireland | C80: Georgia | D80: 21.06 | E80: 28.075 | F80: 31.6625 | G80: 45.05 | H80: 70.35 | I80: 133.225 | J80: No service | K80: No service | L80: No service | M80: No service | N80: No service | O80: 3 Days | P80: 3-4 Days | Q80: 80 | R80: 4/5* | S80: FedEx Prioirty | T80: Priority
A81: EU | B81: Ireland | C81: Germany | D81: 21.5 | E81: 23.875 | F81: 26.25 | G81: 28.75 | H81: 31.25 | I81: 36.25 | J81: 45 | K81: 51.25 | L81: 78.75 | M81: 86.25 | N81: 91.25 | O81: 3 Days | P81: 5 Days | Q81: 80 | R81: 4/5* | S81: FedEx Prioirty | T81: Priority
A82: EU | B82: Ireland | C82: Ghana | D82: 31.72 | E82: 42.1875 | F82: 47.375 | G82: 65.45 | H82: 93.375 | I82: 201.825 | J82: No service | K82: No service | L82: No service | M82: No service | N82: No service | O82: 2-4 Days | P82: 2-5 Days | Q82: 80 | R82: 4/5* | S82: FedEx Prioirty | T82: Priority
A83: EU | B83: Ireland | C83: Gibraltar | D83: 17.44 | E83: 24.5125 | F83: 25 | G83: 27.5 | H83: 33.75 | I83: 40.4 | J83: No service | K83: No service | L83: No service | M83: No service | N83: No service | O83: 3 Days | P83: 6 Days | Q83: 80 | R83: 4/5* | S83: FedEx Prioirty | T83: Priority
A84: EU | B84: Ireland | C84: Greece Mainland | D84: 22 | E84: 27.5 | F84: 35 | G84: 37.5 | H84: 40 | I84: 42.5 | J84: 48.75 | K84: 55 | L84: 65 | M84: 112.5 | N84: 136.25 | O84: 4 Days | P84: 8-10 Days | Q84: 80 | R84: 4/5* | S84: FedEx Prioirty | T84: Priority
A85: EU | B85: Ireland | C85: Greece Islands | D85: 57 | E85: 71.25 | F85: 71.25 | G85: 66.25 | H85: 78.75 | I85: 87.5 | J85: 87.5 | K85: 96.25 | L85: 103.75 | M85: 145 | N85: 152.5 | O85: 6 Days | P85: 9-11 Days | Q85: 80 | R85: 4/5* | S85: FedEx Prioirty | T85: Priority
A86: EU | B86: Ireland | C86: Greenland (Denmark) | D86: 17.44 | E86: 24.5125 | F86: 25 | G86: 27.5 | H86: 33.75 | I86: 40.4 | J86: 46.6125 | K86: 52.825 | L86: 58.75 | M86: 71.6125 | N86: 86.25 | O86: 3 Days | P86: 6 Days | Q86: 80 | R86: 4/5* | S86: FedEx Prioirty | T86: Priority
A87: EU | B87: Ireland | C87: Grenada | D87: 27.47 | E87: 36.125 | F87: 40.0125 | G87: 55.9875 | H87: 76.5 | I87: 178.275 | J87: No service | K87: No service | L87: No service | M87: No service | N87: No service | O87: 5 Days | P87: 8 Days | Q87: 80 | R87: 4/5* | S87: FedEx Prioirty | T87: Priority
A88: EU | B88: Ireland | C88: Guadeloupe (France) | D88: 27.47 | E88: 36.125 | F88: 40.0125 | G88: 55.9875 | H88: 76.5 | I88: 178.275 | J88: No service | K88: No service | L88: No service | M88: No service | N88: No service | O88: 5 Days | P88: 8 Days | Q88: 80 | R88: 4/5* | S88: FedEx Prioirty | T88: Priority
A89: EU | B89: Ireland | C89: Guam (US) | D89: 31.72 | E89: 42.1875 | F89: 47.375 | G89: 65.45 | H89: 93.375 | I89: 201.825 | J89: No service | K89: No service | L89: No service | M89: No service | N89: No service | O89: 2-4 Days | P89: 2-5 Days | Q89: 80 | R89: 4/5* | S89: FedEx Prioirty | T89: Priority
A90: EU | B90: Ireland | C90: Guatemala | D90: 27.47 | E90: 36.125 | F90: 40.0125 | G90: 55.9875 | H90: 76.5 | I90: 178.275 | J90: No service | K90: No service | L90: No service | M90: No service | N90: No service | O90: 5 Days | P90: 8 Days | Q90: 80 | R90: 4/5* | S90: FedEx Prioirty | T90: Priority
A91: EU | B91: Ireland | C91: Guernsey | D91: No service | E91: No service | F91: No service | G91: No service | H91: No service | I91: No service | J91: No service | K91: No service | L91: No service | M91: No service | N91: No service | S91: FedEx Prioirty | T91: Priority
A92: EU | B92: Ireland | C92: Guinea | D92: 31.72 | E92: 42.1875 | F92: 47.375 | G92: 65.45 | H92: 93.375 | I92: 201.825 | J92: No service | K92: No service | L92: No service | M92: No service | N92: No service | O92: 2-4 Days | P92: 2-5 Days | Q92: 80 | R92: 4/5* | S92: FedEx Prioirty | T92: Priority
A93: EU | B93: Ireland | C93: Guinea-Bissau | D93: No service | E93: No service | F93: No service | G93: No service | H93: No service | I93: No service | J93: No service | K93: No service | L93: No service | M93: No service | N93: No service | S93: FedEx Prioirty | T93: Priority
A94: EU | B94: Ireland | C94: Guyana | D94: 27.47 | E94: 36.125 | F94: 40.0125 | G94: 55.9875 | H94: 76.5 | I94: 178.275 | J94: No service | K94: No service | L94: No service | M94: No service | N94: No service | O94: 5 Days | P94: 8 Days | Q94: 80 | R94: 4/5* | S94: FedEx Prioirty | T94: Priority
A95: EU | B95: Ireland | C95: Haiti | D95: 27.47 | E95: 36.125 | F95: 40.0125 | G95: 55.9875 | H95: 76.5 | I95: 178.275 | J95: No service | K95: No service | L95: No service | M95: No service | N95: No service | O95: 5 Days | P95: 8 Days | Q95: 80 | R95: 4/5* | S95: FedEx Prioirty | T95: Priority
A96: EU | B96: Ireland | C96: Honduras | D96: 27.47 | E96: 36.125 | F96: 40.0125 | G96: 55.9875 | H96: 76.5 | I96: 178.275 | J96: No service | K96: No service | L96: No service | M96: No service | N96: No service | O96: 5 Days | P96: 8 Days | Q96: 80 | R96: 4/5* | S96: FedEx Prioirty | T96: Priority
A97: EU | B97: Ireland | C97: Hong Kong | D97: 18.61 | E97: 60.425 | F97: 63.6125 | G97: 76.55 | H97: 90.525 | I97: 155.6 | J97: No service | K97: No service | L97: No service | M97: No service | N97: No service | O97: 3-4 Days | P97: 10 Days | Q97: 80 | R97: 4/5* | S97: FedEx Prioirty | T97: Priority
A98: EU | B98: Ireland | C98: Hungary | D98: 27 | E98: 33.75 | F98: 36.25 | G98: 38.75 | H98: 41.25 | I98: 55 | J98: 62.5 | K98: 71.25 | L98: 98.75 | M98: 106.25 | N98: 111.25 | O98: 3 Days | P98: 6-9 Days | Q98: 80 | R98: 4/5* | S98: FedEx Prioirty | T98: Priority
A99: EU | B99: Ireland | C99: Iceland | D99: 35.64 | E99: 60 | F99: 60 | G99: 64.125 | H99: 76.25 | I99: 83.75 | J99: 92.5 | K99: 101.25 | L99: 101.25 | M99: 117.5 | N99: 135 | O99: 4 Days | P99: 9 Days | Q99: 80 | R99: 4/5* | S99: FedEx Prioirty | T99: Priority
A100: EU | B100: Ireland | C100: India | D100: 21.06 | E100: 28.075 | F100: 31.6625 | G100: 45.05 | H100: 70.35 | I100: 133.225 | J100: No service | K100: No service | L100: No service | M100: No service | N100: No service | O100: 4 Days | P100: 6-9 Days | Q100: 80 | R100: 4/5* | S100: FedEx Prioirty | T100: Priority
...

Sheet Result
A1: Type | B1: Ship From | C1: Ship To | D1: Doc 0.5kg | E1: Paket 1kg | F1: Paket 2kg | G1: Box 5kg | H1: Box 10kg | I1: Box 15kg | J1: Box 20kg | K1: Box 25kg | L1: Suitcase 10kg | M1: Suitcase 20kg | N1: Suitcase 30kg | O1: Days ENV | P1: Days PARCEL | Q1: Insurance | R1: Rating | S1: Courier | T1: Service
A3: =IF('Rates from Ireland Fedex Priort'!A2="","",'Rates from Ireland Fedex Priort'!A2) -> EU | B3: =IF('Rates from Ireland Fedex Priort'!B2="","",'Rates from Ireland Fedex Priort'!B2) -> Ireland | C3: =IF('Rates from Ireland Fedex Priort'!C2="","",'Rates from Ireland Fedex Priort'!C2) -> Afghanistan | D3: =IF(ISNUMBER('Rates from Ireland Fedex Priort'!D2),_xlfn.CEILING.MATH('Rates from Ireland Fedex Priort'!D2,1)+(IF($A3="EU",Variables!$B$5,IF($A3="N/A",0,Variables!$B$2))),'Rates from Ireland Fedex Priort'!D2) -> No service | E3: =IF(ISNUMBER('Rates from Ireland Fedex Priort'!E2),_xlfn.CEILING.MATH('Rates from Ireland Fedex Priort'!E2,1)+IF($A3="EU",Variables!$B$6,Variables!$B$3),'Rates from Ireland Fedex Priort'!E2) -> No service | F3: =IF(ISNUMBER('Rates from Ireland Fedex Priort'!F2),_xlfn.CEILING.MATH('Rates from Ireland Fedex Priort'!F2,1)+IF($A3="EU",Variables!$B$6,Variables!$B$3),'Rates from Ireland Fedex Priort'!F2) -> No service | G3: =IF(ISNUMBER('Rates from Ireland Fedex Priort'!G2),_xlfn.CEILING.MATH('Rates from Ireland Fedex Priort'!G2,1)+IF($A3="EU",Variables!$B$6,Variables!$B$3),'Rates from Ireland Fedex Priort'!G2) -> No service | H3: =IF(ISNUMBER('Rates from Ireland Fedex Priort'!H2),_xlfn.CEILING.MATH('Rates from Ireland Fedex Priort'!H2,1)+IF($A3="EU",Variables!$B$6,Variables!$B$3),'Rates from Ireland Fedex Priort'!H2) -> No service | I3: =IF(ISNUMBER('Rates from Ireland Fedex Priort'!I2),_xlfn.CEILING.MATH('Rates from Ireland Fedex Priort'!I2,1)+IF($A3="EU",Variables!$B$6,Variables!$B$3),'Rates from Ireland Fedex Priort'!I2) -> No service | J3: =IF(ISNUMBER('Rates from Ireland Fedex Priort'!J2),_xlfn.CEILING.MATH('Rates from Ireland Fedex Priort'!J2,1)+IF($A3="EU",Variables!$B$6,Variables!$B$3),'Rates from Ireland Fedex Priort'!J2) -> No service | K3: =IF(ISNUMBER('Rates from Ireland Fedex Priort'!K2),_xlfn.CEILING.MATH('Rates from Ireland Fedex Priort'!K2,1)+IF($A3="EU",Variables!$B$6,Variables!$B$3),'Rates from Ireland Fedex Priort'!K2) -> No service | L3: =IF(ISNUMBER('Rates from Ireland Fedex Priort'!L2),_xlfn.CEILING.MATH('Rates from Ireland Fedex Priort'!L2,1)+IF($A3="EU",Variables!$B$6,Variables!$B$3),'Rates from Ireland Fedex Priort'!L2) -> No service | ... N3: =IF(ISNUMBER('Rates from Ireland Fedex Priort'!N2),_xlfn.CEILING.MATH('Rates from Ireland Fedex Priort'!N2,1)+IF($A3="EU",Variables!$B$6,Variables!$B$3),'Rates from Ireland Fedex Priort'!N2) -> No service
A4: =IF('Rates from Ireland Fedex Priort'!A3="","",'Rates from Ireland Fedex Priort'!A3) -> EU | B4: =IF('Rates from Ireland Fedex Priort'!B3="","",'Rates from Ireland Fedex Priort'!B3) -> Ireland | C4: =IF('Rates from Ireland Fedex Priort'!C3="","",'Rates from Ireland Fedex Priort'!C3) -> Albania | D4: =IF(ISNUMBER('Rates from Ireland Fedex Priort'!D3),_xlfn.CEILING.MATH('Rates from Ireland Fedex Priort'!D3,1)+(IF($A4="EU",Variables!$B$5,IF($A4="N/A",0,Variables!$B$2))),'Rates from Ireland Fedex Priort'!D3) -> 76 | E4: =IF(ISNUMBER('Rates from Ireland Fedex Priort'!E3),_xlfn.CEILING.MATH('Rates from Ireland Fedex Priort'!E3,1)+IF($A4="EU",Variables!$B$6,Variables!$B$3),'Rates from Ireland Fedex Priort'!E3) -> 85 | F4: =IF(ISNUMBER('Rates from Ireland Fedex Priort'!F3),_xlfn.CEILING.MATH('Rates from Ireland Fedex Priort'!F3,1)+IF($A4="EU",Variables!$B$6,Variables!$B$3),'Rates from Ireland Fedex Priort'!F3) -> 88 | G4: =IF(ISNUMBER('Rates from Ireland Fedex Priort'!G3),_xlfn.CEILING.MATH('Rates from Ireland Fedex Priort'!G3,1)+IF($A4="EU",Variables!$B$6,Variables!$B$3),'Rates from Ireland Fedex Priort'!G3) -> 97 | H4: =IF(ISNUMBER('Rates from Ireland Fedex Priort'!H3),_xlfn.CEILING.MATH('Rates from Ireland Fedex Priort'!H3,1)+IF($A4="EU",Variables!$B$6,Variables!$B$3),'Rates from Ireland Fedex Priort'!H3) -> 102 | I4: =IF(ISNUMBER('Rates from Ireland Fedex Priort'!I3),_xlfn.CEILING.MATH('Rates from Ireland Fedex Priort'!I3,1)+IF($A4="EU",Variables!$B$6,Variables!$B$3),'Rates from Ireland Fedex Priort'!I3) -> 109 | J4: =IF(ISNUMBER('Rates from Ireland Fedex Priort'!J3),_xlfn.CEILING.MATH('Rates from Ireland Fedex Priort'!J3,1)+IF($A4="EU",Variables!$B$6,Variables!$B$3),'Rates from Ireland Fedex Priort'!J3) -> No service | K4: =IF(ISNUMBER('Rates from Ireland Fedex Priort'!K3),_xlfn.CEILING.MATH('Rates from Ireland Fedex Priort'!K3,1)+IF($A4="EU",Variables!$B$6,Variables!$B$3),'Rates from Ireland Fedex Priort'!K3) -> No service | L4: =IF(ISNUMBER('Rates from Ireland Fedex Priort'!L3),_xlfn.CEILING.MATH('Rates from Ireland Fedex Priort'!L3,1)+IF($A4="EU",Variables!$B$6,Variables!$B$3),'Rates from Ireland Fedex Priort'!L3) -> No service | ... N4: =IF(ISNUMBER('Rates from Ireland Fedex Priort'!N3),_xlfn.CEILING.MATH('Rates from Ireland Fedex Priort'!N3,1)+IF($A4="EU",Variables!$B$6,Variables!$B$3),'Rates from Ireland Fedex Priort'!N3) -> No service | O4: 8 Days | P4: 9 Days | Q4: 80 | R4: 4/5* | S4: FedEx Economy | T4: Economy
A5: =IF('Rates from Ireland Fedex Priort'!A4="","",'Rates from Ireland Fedex Priort'!A4) -> EU | B5: =IF('Rates from Ireland Fedex Priort'!B4="","",'Rates from Ireland Fedex Priort'!B4) -> Ireland | C5: =IF('Rates from Ireland Fedex Priort'!C4="","",'Rates from Ireland Fedex Priort'!C4) -> Algeria | D5: =IF(ISNUMBER('Rates from Ireland Fedex Priort'!D4),_xlfn.CEILING.MATH('Rates from Ireland Fedex Priort'!D4,1)+(IF($A5="EU",Variables!$B$5,IF($A5="N/A",0,Variables!$B$2))),'Rates from Ireland Fedex Priort'!D4) -> 62 | E5: =IF(ISNUMBER('Rates from Ireland Fedex Priort'!E4),_xlfn.CEILING.MATH('Rates from Ireland Fedex Priort'!E4,1)+IF($A5="EU",Variables!$B$6,Variables!$B$3),'Rates from Ireland Fedex Priort'!E4) -> 69 | F5: =IF(ISNUMBER('Rates from Ireland Fedex Priort'!F4),_xlfn.CEILING.MATH('Rates from Ireland Fedex Priort'!F4,1)+IF($A5="EU",Variables!$B$6,Variables!$B$3),'Rates from Ireland Fedex Priort'!F4) -> 72 | G5: =IF(ISNUMBER('Rates from Ireland Fedex Priort'!G4),_xlfn.CEILING.MATH('Rates from Ireland Fedex Priort'!G4,1)+IF($A5="EU",Variables!$B$6,Variables!$B$3),'Rates from Ireland Fedex Priort'!G4) -> 86 | H5: =IF(ISNUMBER('Rates from Ireland Fedex Priort'!H4),_xlfn.CEILING.MATH('Rates from Ireland Fedex Priort'!H4,1)+IF($A5="EU",Variables!$B$6,Variables!$B$3),'Rates from Ireland Fedex Priort'!H4) -> 111 | I5: =IF(ISNUMBER('Rates from Ireland Fedex Priort'!I4),_xlfn.CEILING.MATH('Rates from Ireland Fedex Priort'!I4,1)+IF($A5="EU",Variables!$B$6,Variables!$B$3),'Rates from Ireland Fedex Priort'!I4) -> 174 | J5: =IF(ISNUMBER('Rates from Ireland Fedex Priort'!J4),_xlfn.CEILING.MATH('Rates from Ireland Fedex Priort'!J4,1)+IF($A5="EU",Variables!$B$6,Variables!$B$3),'Rates from Ireland Fedex Priort'!J4) -> No service | K5: =IF(ISNUMBER('Rates from Ireland Fedex Priort'!K4),_xlfn.CEILING.MATH('Rates from Ireland Fedex Priort'!K4,1)+IF($A5="EU",Variables!$B$6,Variables!$B$3),'Rates from Ireland Fedex Priort'!K4) -> No service | L5: =IF(ISNUMBER('Rates from Ireland Fedex Priort'!L4),_xlfn.CEILING.MATH('Rates from Ireland Fedex Priort'!L4,1)+IF($A5="EU",Variables!$B$6,Variables!$B$3),'Rates from Ireland Fedex Priort'!L4) -> No service | ... N5: =IF(ISNUMBER('Rates from Ireland Fedex Priort'!N4),_xlfn.CEILING.MATH('Rates from Ireland Fedex Priort'!N4,1)+IF($A5="EU",Variables!$B$6,Variables!$B$3),'Rates from Ireland Fedex Priort'!N4) -> No service | O5: 3 Days | P5: 3-4 Days | Q5: 80 | R5: 4/5* | S5: FedEx Economy | T5: Economy
A6: =IF('Rates from Ireland Fedex Priort'!A5="","",'Rates from Ireland Fedex Priort'!A5) -> EU | B6: =IF('Rates from Ireland Fedex Priort'!B5="","",'Rates from Ireland Fedex Priort'!B5) -> Ireland | C6: =IF('Rates from Ireland Fedex Priort'!C5="","",'Rates from Ireland Fedex Priort'!C5) -> American Samoa (US) | D6: =IF(ISNUMBER('Rates from Ireland Fedex Priort'!D5),_xlfn.CEILING.MATH('Rates from Ireland Fedex Priort'!D5,1)+IF($A6="EU",Variables!$B$5,Variables!$B$2),'Rates from Ireland Fedex Priort'!D5) -> 72 | E6: =IF(ISNUMBER('Rates from Ireland Fedex Priort'!E5),_xlfn.CEILING.MATH('Rates from Ireland Fedex Priort'!E5,1)+IF($A6="EU",Variables!$B$6,Variables!$B$3),'Rates from Ireland Fedex Priort'!E5) -> 83 | F6: =IF(ISNUMBER('Rates from Ireland Fedex Priort'!F5),_xlfn.CEILING.MATH('Rates from Ireland Fedex Priort'!F5,1)+IF($A6="EU",Variables!$B$6,Variables!$B$3),'Rates from Ireland Fedex Priort'!F5) -> 88 | G6: =IF(ISNUMBER('Rates from Ireland Fedex Priort'!G5),_xlfn.CEILING.MATH('Rates from Ireland Fedex Priort'!G5,1)+IF($A6="EU",Variables!$B$6,Variables!$B$3),'Rates from Ireland Fedex Priort'!G5) -> 106 | H6: =IF(ISNUMBER('Rates from Ireland Fedex Priort'!H5),_xlfn.CEILING.MATH('Rates from Ireland Fedex Priort'!H5,1)+IF($A6="EU",Variables!$B$6,Variables!$B$3),'Rates from Ireland Fedex Priort'!H5) -> No service | I6: =IF(ISNUMBER('Rates from Ireland Fedex Priort'!I5),_xlfn.CEILING.MATH('Rates from Ireland Fedex Priort'!I5,1)+IF($A6="EU",Variables!$B$6,Variables!$B$3),'Rates from Ireland Fedex Priort'!I5) -> No service | J6: =IF(ISNUMBER('Rates from Ireland Fedex Priort'!J5),_xlfn.CEILING.MATH('Rates from Ireland Fedex Priort'!J5,1)+IF($A6="EU",Variables!$B$6,Variables!$B$3),'Rates from Ireland Fedex Priort'!J5) -> No service | K6: =IF(ISNUMBER('Rates from Ireland Fedex Priort'!K5),_xlfn.CEILING.MATH('Rates from Ireland Fedex Priort'!K5,1)+IF($A6="EU",Variables!$B$6,Variables!$B$3),'Rates from Ireland Fedex Priort'!K5) -> No service | L6: =IF(ISNUMBER('Rates from Ireland Fedex Priort'!L5),_xlfn.CEILING.MATH('Rates from Ireland Fedex Priort'!L5,1)+IF($A6="EU",Variables!$B$6,Variables!$B$3),'Rates from Ireland Fedex Priort'!L5) -> No service | ... N6: =IF(ISNUMBER('Rates from Ireland Fedex Priort'!N5),_xlfn.CEILING.MATH('Rates from Ireland Fedex Priort'!N5,1)+IF($A6="EU",Variables!$B$6,Variables!$B$3),'Rates from Ireland Fedex Priort'!N5) -> No service | S6: FedEx Economy | T6: Economy
A7: =IF('Rates from Ireland Fedex Priort'!A6="","",'Rates from Ireland Fedex Priort'!A6) -> EU | B7: =IF('Rates from Ireland Fedex Priort'!B6="","",'Rates from Ireland Fedex Priort'!B6) -> Ireland | C7: =IF('Rates from Ireland Fedex Priort'!C6="","",'Rates from Ireland Fedex Priort'!C6) -> Andorra | D7: =IF(ISNUMBER('Rates from Ireland Fedex Priort'!D6),_xlfn.CEILING.MATH('Rates from Ireland Fedex Priort'!D6,1)+IF($A7="EU",Variables!$B$5,Variables!$B$2),'Rates from Ireland Fedex Priort'!D6) -> 63 | E7: =IF(ISNUMBER('Rates from Ireland Fedex Priort'!E6),_xlfn.CEILING.MATH('Rates from Ireland Fedex Priort'!E6,1)+IF($A7="EU",Variables!$B$6,Variables!$B$3),'Rates from Ireland Fedex Priort'!E6) -> 65 | F7: =IF(ISNUMBER('Rates from Ireland Fedex Priort'!F6),_xlfn.CEILING.MATH('Rates from Ireland Fedex Priort'!F6,1)+IF($A7="EU",Variables!$B$6,Variables!$B$3),'Rates from Ireland Fedex Priort'!F6) -> 65 | G7: =IF(ISNUMBER('Rates from Ireland Fedex Priort'!G6),_xlfn.CEILING.MATH('Rates from Ireland Fedex Priort'!G6,1)+IF($A7="EU",Variables!$B$6,Variables!$B$3),'Rates from Ireland Fedex Priort'!G6) -> 67 | H7: =IF(ISNUMBER('Rates from Ireland Fedex Priort'!H6),_xlfn.CEILING.MATH('Rates from Ireland Fedex Priort'!H6,1)+IF($A7="EU",Variables!$B$6,Variables!$B$3),'Rates from Ireland Fedex Priort'!H6) -> 71 | I7: =IF(ISNUMBER('Rates from Ireland Fedex Priort'!I6),_xlfn.CEILING.MATH('Rates from Ireland Fedex Priort'!I6,1)+IF($A7="EU",Variables!$B$6,Variables!$B$3),'Rates from Ireland Fedex Priort'!I6) -> 78 | J7: =IF(ISNUMBER('Rates from Ireland Fedex Priort'!J6),_xlfn.CEILING.MATH('Rates from Ireland Fedex Priort'!J6,1)+IF($A7="EU",Variables!$B$6,Variables!$B$3),'Rates from Ireland Fedex Priort'!J6) -> No service | K7: =IF(ISNUMBER('Rates from Ireland Fedex Priort'!K6),_xlfn.CEILING.MATH('Rates from Ireland Fedex Priort'!K6,1)+IF($A7="EU",Variables!$B$6,Variables!$B$3),'Rates from Ireland Fedex Priort'!K6) -> No service | L7: =IF(ISNUMBER('Rates from Ireland Fedex Priort'!L6),_xlfn.CEILING.MATH('Rates from Ireland Fedex Priort'!L6,1)+IF($A7="EU",Variables!$B$6,Variables!$B$3),'Rates from Ireland Fedex Priort'!L6) -> No service | ... N7: =IF(ISNUMBER('Rates from Ireland Fedex Priort'!N6),_xlfn.CEILING.MATH('Rates from Ireland Fedex Priort'!N6,1)+IF($A7="EU",Variables!$B$6,Variables!$B$3),'Rates from Ireland Fedex Priort'!N6) -> No service | O7: 6 Days | P7: 8 Days | Q7: 80 | R7: 4/5* | S7: FedEx Economy | T7: Economy
A8: =IF('Rates from Ireland Fedex Priort'!A7="","",'Rates from Ireland Fedex Priort'!A7) -> EU | B8: =IF('Rates from Ireland Fedex Priort'!B7="","",'Rates from Ireland Fedex Priort'!B7) -> Ireland | C8: =IF('Rates from Ireland Fedex Priort'!C7="","",'Rates from Ireland Fedex Priort'!C7) -> Angola | D8: =IF(ISNUMBER('Rates from Ireland Fedex Priort'!D7),_xlfn.CEILING.MATH('Rates from Ireland Fedex Priort'!D7,1)+IF($A8="EU",Variables!$B$5,Variables!$B$2),'Rates from Ireland Fedex Priort'!D7) -> 72 | E8: =IF(ISNUMBER('Rates from Ireland Fedex Priort'!E7),_xlfn.CEILING.MATH('Rates from Ireland Fedex Priort'!E7,1)+IF($A8="EU",Variables!$B$6,Variables!$B$3),'Rates from Ireland Fedex Priort'!E7) -> 83 | F8: =IF(ISNUMBER('Rates from Ireland Fedex Priort'!F7),_xlfn.CEILING.MATH('Rates from Ireland Fedex Priort'!F7,1)+IF($A8="EU",Variables!$B$6,Variables!$B$3),'Rates from Ireland Fedex Priort'!F7) -> 88 | G8: =IF(ISNUMBER('Rates from Ireland Fedex Priort'!G7),_xlfn.CEILING.MATH('Rates from Ireland Fedex Priort'!G7,1)+IF($A8="EU",Variables!$B$6,Variables!$B$3),'Rates from Ireland Fedex Priort'!G7) -> 106 | H8: =IF(ISNUMBER('Rates from Ireland Fedex Priort'!H7),_xlfn.CEILING.MATH('Rates from Ireland Fedex Priort'!H7,1)+IF($A8="EU",Variables!$B$6,Variables!$B$3),'Rates from Ireland Fedex Priort'!H7) -> 134 | I8: =IF(ISNUMBER('Rates from Ireland Fedex Priort'!I7),_xlfn.CEILING.MATH('Rates from Ireland Fedex Priort'!I7,1)+IF($A8="EU",Variables!$B$6,Variables!$B$3),'Rates from Ireland Fedex Priort'!I7) -> 242 | J8: =IF(ISNUMBER('Rates from Ireland Fedex Priort'!J7),_xlfn.CEILING.MATH('Rates from Ireland Fedex Priort'!J7,1)+IF($A8="EU",Variables!$B$6,Variables!$B$3),'Rates from Ireland Fedex Priort'!J7) -> No service | K8: =IF(ISNUMBER('Rates from Ireland Fedex Priort'!K7),_xlfn.CEILING.MATH('Rates from Ireland Fedex Priort'!K7,1)+IF($A8="EU",Variables!$B$6,Variables!$B$3),'Rates from Ireland Fedex Priort'!K7) -> No service | L8: =IF(ISNUMBER('Rates from Ireland Fedex Priort'!L7),_xlfn.CEILING.MATH('Rates from Ireland Fedex Priort'!L7,1)+IF($A8="EU",Variables!$B$6,Variables!$B$3),'Rates from Ireland Fedex Priort'!L7) -> No service | ... N8: =IF(ISNUMBER('Rates from Ireland Fedex Priort'!N7),_xlfn.CEILING.MATH('Rates from Ireland Fedex Priort'!N7,1)+IF($A8="EU",Variables!$B$6,Variables!$B$3),'Rates from Ireland Fedex Priort'!N7) -> No service | O8: 2-4 Days | P8: 2-5 Days | Q8: 80 | R8: 4/5* | S8: FedEx Economy | T8: Economy
A9: =IF('Rates from Ireland Fedex Priort'!A8="","",'Rates from Ireland Fedex Priort'!A8) -> EU | B9: =IF('Rates from Ireland Fedex Priort'!B8="","",'Rates from Ireland Fedex Priort'!B8) -> Ireland | C9: =IF('Rates from Ireland Fedex Priort'!C8="","",'Rates from Ireland Fedex Priort'!C8) -> Anguilla | D9: =IF(ISNUMBER('Rates from Ireland Fedex Priort'!D8),_xlfn.CEILING.MATH('Rates from Ireland Fedex Priort'!D8,1)+IF($A9="EU",Variables!$B$5,Variables!$B$2),'Rates from Ireland Fedex Priort'!D8) -> 68 | E9: =IF(ISNUMBER('Rates from Ireland Fedex Priort'!E8),_xlfn.CEILING.MATH('Rates from Ireland Fedex Priort'!E8,1)+IF($A9="EU",Variables!$B$6,Variables!$B$3),'Rates from Ireland Fedex Priort'!E8) -> 77 | F9: =IF(ISNUMBER('Rates from Ireland Fedex Priort'!F8),_xlfn.CEILING.MATH('Rates from Ireland Fedex Priort'!F8,1)+IF($A9="EU",Variables!$B$6,Variables!$B$3),'Rates from Ireland Fedex Priort'!F8) -> 81 | G9: =IF(ISNUMBER('Rates from Ireland Fedex Priort'!G8),_xlfn.CEILING.MATH('Rates from Ireland Fedex Priort'!G8,1)+IF($A9="EU",Variables!$B$6,Variables!$B$3),'Rates from Ireland Fedex Priort'!G8) -> 96 | H9: =IF(ISNUMBER('Rates from Ireland Fedex Priort'!H8),_xlfn.CEILING.MATH('Rates from Ireland Fedex Priort'!H8,1)+IF($A9="EU",Variables!$B$6,Variables!$B$3),'Rates from Ireland Fedex Priort'!H8) -> 117 | I9: =IF(ISNUMBER('Rates from Ireland Fedex Priort'!I8),_xlfn.CEILING.MATH('Rates from Ireland Fedex Priort'!I8,1)+IF($A9="EU",Variables!$B$6,Variables!$B$3),'Rates from Ireland Fedex Priort'!I8) -> 219 | J9: =IF(ISNUMBER('Rates from Ireland Fedex Priort'!J8),_xlfn.CEILING.MATH('Rates from Ireland Fedex Priort'!J8,1)+IF($A9="EU",Variables!$B$6,Variables!$B$3),'Rates from Ireland Fedex Priort'!J8) -> No service | K9: =IF(ISNUMBER('Rates from Ireland Fedex Priort'!K8),_xlfn.CEILING.MATH('Rates from Ireland Fedex Priort'!K8,1)+IF($A9="EU",Variables!$B$6,Variables!$B$3),'Rates from Ireland Fedex Priort'!K8) -> No service | L9: =IF(ISNUMBER('Rates from Ireland Fedex Priort'!L8),_xlfn.CEILING.MATH('Rates from Ireland Fedex Priort'!L8,1)+IF($A9="EU",Variables!$B$6,Variables!$B$3),'Rates from Ireland Fedex Priort'!L8) -> No service | ... N9: =IF(ISNUMBER('Rates from Ireland Fedex Priort'!N8),_xlfn.CEILING.MATH('Rates from Ireland Fedex Priort'!N8,1)+IF($A9="EU",Variables!$B$6,Variables!$B$3),'Rates from Ireland Fedex Priort'!N8) -> No service | O9: 7 Days | P9: 12-14 Days | Q9: 80 | R9: 4/5* | S9: FedEx Economy | T9: Economy
A10: =IF('Rates from Ireland Fedex Priort'!A9="","",'Rates from Ireland Fedex Priort'!A9) -> EU | B10: =IF('Rates from Ireland Fedex Priort'!B9="","",'Rates from Ireland Fedex Priort'!B9) -> Ireland | C10: =IF('Rates from Ireland Fedex Priort'!C9="","",'Rates from Ireland Fedex Priort'!C9) -> Antigua and Barbuda | D10: =IF(ISNUMBER('Rates from Ireland Fedex Priort'!D9),_xlfn.CEILING.MATH('Rates from Ireland Fedex Priort'!D9,1)+IF($A10="EU",Variables!$B$5,Variables!$B$2),'Rates from Ireland Fedex Priort'!D9) -> 68 | E10: =IF(ISNUMBER('Rates from Ireland Fedex Priort'!E9),_xlfn.CEILING.MATH('Rates from Ireland Fedex Priort'!E9,1)+IF($A10="EU",Variables!$B$6,Variables!$B$3),'Rates from Ireland Fedex Priort'!E9) -> 77 | F10: =IF(ISNUMBER('Rates from Ireland Fedex Priort'!F9),_xlfn.CEILING.MATH('Rates from Ireland Fedex Priort'!F9,1)+IF($A10="EU",Variables!$B$6,Variables!$B$3),'Rates from Ireland Fedex Priort'!F9) -> 81 | G10: =IF(ISNUMBER('Rates from Ireland Fedex Priort'!G9),_xlfn.CEILING.MATH('Rates from Ireland Fedex Priort'!G9,1)+IF($A10="EU",Variables!$B$6,Variables!$B$3),'Rates from Ireland Fedex Priort'!G9) -> 96 | H10: =IF(ISNUMBER('Rates from Ireland Fedex Priort'!H9),_xlfn.CEILING.MATH('Rates from Ireland Fedex Priort'!H9,1)+IF($A10="EU",Variables!$B$6,Variables!$B$3),'Rates from Ireland Fedex Priort'!H9) -> 117 | I10: =IF(ISNUMBER('Rates from Ireland Fedex Priort'!I9),_xlfn.CEILING.MATH('Rates from Ireland Fedex Priort'!I9,1)+IF($A10="EU",Variables!$B$6,Variables!$B$3),'Rates from Ireland Fedex Priort'!I9) -> 219 | J10: =IF(ISNUMBER('Rates from Ireland Fedex Priort'!J9),_xlfn.CEILING.MATH('Rates from Ireland Fedex Priort'!J9,1)+IF($A10="EU",Variables!$B$6,Variables!$B$3),'Rates from Ireland Fedex Priort'!J9) -> No service | K10: =IF(ISNUMBER('Rates from Ireland Fedex Priort'!K9),_xlfn.CEILING.MATH('Rates from Ireland Fedex Priort'!K9,1)+IF($A10="EU",Variables!$B$6,Variables!$B$3),'Rates from Ireland Fedex Priort'!K9) -> No service | L10: =IF(ISNUMBER('Rates from Ireland Fedex Priort'!L9),_xlfn.CEILING.MATH('Rates from Ireland Fedex Priort'!L9,1)+IF($A10="EU",Variables!$B$6,Variables!$B$3),'Rates from Ireland Fedex Priort'!L9) -> No service | ... N10: =IF(ISNUMBER('Rates from Ireland Fedex Priort'!N9),_xlfn.CEILING.MATH('Rates from Ireland Fedex Priort'!N9,1)+IF($A10="EU",Variables!$B$6,Variables!$B$3),'Rates from Ireland Fedex Priort'!N9) -> No service | O10: 5 Days | P10: 8 Days | Q10: 80 | R10: 4/5* | S10: FedEx Economy | T10: Economy
A11: =IF('Rates from Ireland Fedex Priort'!A10="","",'Rates from Ireland Fedex Priort'!A10) -> EU | B11: =IF('Rates from Ireland Fedex Priort'!B10="","",'Rates from Ireland Fedex Priort'!B10) -> Ireland | C11: =IF('Rates from Ireland Fedex Priort'!C10="","",'Rates from Ireland Fedex Priort'!C10) -> Argentina | D11: =IF(ISNUMBER('Rates from Ireland Fedex Priort'!D10),_xlfn.CEILING.MATH('Rates from Ireland Fedex Priort'!D10,1)+IF($A11="EU",Variables!$B$5,Variables!$B$2),'Rates from Ireland Fedex Priort'!D10) -> 68 | E11: =IF(ISNUMBER('Rates from Ireland Fedex Priort'!E10),_xlfn.CEILING.MATH('Rates from Ireland Fedex Priort'!E10,1)+IF($A11="EU",Variables!$B$6,Variables!$B$3),'Rates from Ireland Fedex Priort'!E10) -> 77 | F11: =IF(ISNUMBER('Rates from Ireland Fedex Priort'!F10),_xlfn.CEILING.MATH('Rates from Ireland Fedex Priort'!F10,1)+IF($A11="EU",Variables!$B$6,Variables!$B$3),'Rates from Ireland Fedex Priort'!F10) -> 81 | G11: =IF(ISNUMBER('Rates from Ireland Fedex Priort'!G10),_xlfn.CEILING.MATH('Rates from Ireland Fedex Priort'!G10,1)+IF($A11="EU",Variables!$B$6,Variables!$B$3),'Rates from Ireland Fedex Priort'!G10) -> 96 | H11: =IF(ISNUMBER('Rates from Ireland Fedex Priort'!H10),_xlfn.CEILING.MATH('Rates from Ireland Fedex Priort'!H10,1)+IF($A11="EU",Variables!$B$6,Variables!$B$3),'Rates from Ireland Fedex Priort'!H10) -> 117 | I11: =IF(ISNUMBER('Rates from Ireland Fedex Priort'!I10),_xlfn.CEILING.MATH('Rates from Ireland Fedex Priort'!I10,1)+IF($A11="EU",Variables!$B$6,Variables!$B$3),'Rates from Ireland Fedex Priort'!I10) -> 219 | J11: =IF(ISNUMBER('Rates from Ireland Fedex Priort'!J10),_xlfn.CEILING.MATH('Rates from Ireland Fedex Priort'!J10,1)+IF($A11="EU",Variables!$B$6,Variables!$B$3),'Rates from Ireland Fedex Priort'!J10) -> No service | K11: =IF(ISNUMBER('Rates from Ireland Fedex Priort'!K10),_xlfn.CEILING.MATH('Rates from Ireland Fedex Priort'!K10,1)+IF($A11="EU",Variables!$B$6,Variables!$B$3),'Rates from Ireland Fedex Priort'!K10) -> No service | L11: =IF(ISNUMBER('Rates from Ireland Fedex Priort'!L10),_xlfn.CEILING.MATH('Rates from Ireland Fedex Priort'!L10,1)+IF($A11="EU",Variables!$B$6,Variables!$B$3),'Rates from Ireland Fedex Priort'!L10) -> No service | ... N11: =IF(ISNUMBER('Rates from Ireland Fedex Priort'!N10),_xlfn.CEILING.MATH('Rates from Ireland Fedex Priort'!N10,1)+IF($A11="EU",Variables!$B$6,Variables!$B$3),'Rates from Ireland Fedex Priort'!N10) -> No service | O11: 5 Days | P11: 8 Days | Q11: 80 | R11: 4/5* | S11: FedEx Economy | T11: Economy
A12: =IF('Rates from Ireland Fedex Priort'!A11="","",'Rates from Ireland Fedex Priort'!A11) -> EU | B12: =IF('Rates from Ireland Fedex Priort'!B11="","",'Rates from Ireland Fedex Priort'!B11) -> Ireland | C12: =IF('Rates from Ireland Fedex Priort'!C11="","",'Rates from Ireland Fedex Priort'!C11) -> Armenia | D12: =IF(ISNUMBER('Rates from Ireland Fedex Priort'!D11),_xlfn.CEILING.MATH('Rates from Ireland Fedex Priort'!D11,1)+IF($A12="EU",Variables!$B$5,Variables!$B$2),'Rates from Ireland Fedex Priort'!D11) -> 62 | E12: =IF(ISNUMBER('Rates from Ireland Fedex Priort'!E11),_xlfn.CEILING.MATH('Rates from Ireland Fedex Priort'!E11,1)+IF($A12="EU",Variables!$B$6,Variables!$B$3),'Rates from Ireland Fedex Priort'!E11) -> 69 | F12: =IF(ISNUMBER('Rates from Ireland Fedex Priort'!F11),_xlfn.CEILING.MATH('Rates from Ireland Fedex Priort'!F11,1)+IF($A12="EU",Variables!$B$6,Variables!$B$3),'Rates from Ireland Fedex Priort'!F11) -> 72 | G12: =IF(ISNUMBER('Rates from Ireland Fedex Priort'!G11),_xlfn.CEILING.MATH('Rates from Ireland Fedex Priort'!G11,1)+IF($A12="EU",Variables!$B$6,Variables!$B$3),'Rates from Ireland Fedex Priort'!G11) -> 86 | H12: =IF(ISNUMBER('Rates from Ireland Fedex Priort'!H11),_xlfn.CEILING.MATH('Rates from Ireland Fedex Priort'!H11,1)+IF($A12="EU",Variables!$B$6,Variables!$B$3),'Rates from Ireland Fedex Priort'!H11) -> 111 | I12: =IF(ISNUMBER('Rates from Ireland Fedex Priort'!I11),_xlfn.CEILING.MATH('Rates from Ireland Fedex Priort'!I11,1)+IF($A12="EU",Variables!$B$6,Variables!$B$3),'Rates from Ireland Fedex Priort'!I11) -> 174 | J12: =IF(ISNUMBER('Rates from Ireland Fedex Priort'!J11),_xlfn.CEILING.MATH('Rates from Ireland Fedex Priort'!J11,1)+IF($A12="EU",Variables!$B$6,Variables!$B$3),'Rates from Ireland Fedex Priort'!J11) -> No service | K12: =IF(ISNUMBER('Rates from Ireland Fedex Priort'!K11),_xlfn.CEILING.MATH('Rates from Ireland Fedex Priort'!K11,1)+IF($A12="EU",Variables!$B$6,Variables!$B$3),'Rates from Ireland Fedex Priort'!K11) -> No service | L12: =IF(ISNUMBER('Rates from Ireland Fedex Priort'!L11),_xlfn.CEILING.MATH('Rates from Ireland Fedex Priort'!L11,1)+IF($A12="EU",Variables!$B$6,Variables!$B$3),'Rates from Ireland Fedex Priort'!L11) -> No service | ... N12: =IF(ISNUMBER('Rates from Ireland Fedex Priort'!N11),_xlfn.CEILING.MATH('Rates from Ireland Fedex Priort'!N11,1)+IF($A12="EU",Variables!$B$6,Variables!$B$3),'Rates from Ireland Fedex Priort'!N11) -> No service | O12: 3 Days | P12: 3-4 Days | Q12: 80 | R12: 4/5* | S12: FedEx Economy | T12: Economy
A13: =IF('Rates from Ireland Fedex Priort'!A12="","",'Rates from Ireland Fedex Priort'!A12) -> EU | B13: =IF('Rates from Ireland Fedex Priort'!B12="","",'Rates from Ireland Fedex Priort'!B12) -> Ireland | C13: =IF('Rates from Ireland Fedex Priort'!C12="","",'Rates from Ireland Fedex Priort'!C12) -> Aruba (Netherlands) | D13: =IF(ISNUMBER('Rates from Ireland Fedex Priort'!D12),_xlfn.CEILING.MATH('Rates from Ireland Fedex Priort'!D12,1)+IF($A13="EU",Variables!$B$5,Variables!$B$2),'Rates from Ireland Fedex Priort'!D12) -> 68 | E13: =IF(ISNUMBER('Rates from Ireland Fedex Priort'!E12),_xlfn.CEILING.MATH('Rates from Ireland Fedex Priort'!E12,1)+IF($A13="EU",Variables!$B$6,Variables!$B$3),'Rates from Ireland Fedex Priort'!E12) -> 77 | F13: =IF(ISNUMBER('Rates from Ireland Fedex Priort'!F12),_xlfn.CEILING.MATH('Rates from Ireland Fedex Priort'!F12,1)+IF($A13="EU",Variables!$B$6,Variables!$B$3),'Rates from Ireland Fedex Priort'!F12) -> 81 | G13: =IF(ISNUMBER('Rates from Ireland Fedex Priort'!G12),_xlfn.CEILING.MATH('Rates from Ireland Fedex Priort'!G12,1)+IF($A13="EU",Variables!$B$6,Variables!$B$3),'Rates from Ireland Fedex Priort'!G12) -> 96 | H13: =IF(ISNUMBER('Rates from Ireland Fedex Priort'!H12),_xlfn.CEILING.MATH('Rates from Ireland Fedex Priort'!H12,1)+IF($A13="EU",Variables!$B$6,Variables!$B$3),'Rates from Ireland Fedex Priort'!H12) -> 117 | I13: =IF(ISNUMBER('Rates from Ireland Fedex Priort'!I12),_xlfn.CEILING.MATH('Rates from Ireland Fedex Priort'!I12,1)+IF($A13="EU",Variables!$B$6,Variables!$B$3),'Rates from Ireland Fedex Priort'!I12) -> 219 | J13: =IF(ISNUMBER('Rates from Ireland Fedex Priort'!J12),_xlfn.CEILING.MATH('Rates from Ireland Fedex Priort'!J12,1)+IF($A13="EU",Variables!$B$6,Variables!$B$3),'Rates from Ireland Fedex Priort'!J12) -> No service | K13: =IF(ISNUMBER('Rates from Ireland Fedex Priort'!K12),_xlfn.CEILING.MATH('Rates from Ireland Fedex Priort'!K12,1)+IF($A13="EU",Variables!$B$6,Variables!$B$3),'Rates from Ireland Fedex Priort'!K12) -> No service | L13: =IF(ISNUMBER('Rates from Ireland Fedex Priort'!L12),_xlfn.CEILING.MATH('Rates from Ireland Fedex Priort'!L12,1)+IF($A13="EU",Variables!$B$6,Variables!$B$3),'Rates from Ireland Fedex Priort'!L12) -> No service | ... N13: =IF(ISNUMBER('Rates from Ireland Fedex Priort'!N12),_xlfn.CEILING.MATH('Rates from Ireland Fedex Priort'!N12,1)+IF($A13="EU",Variables!$B$6,Variables!$B$3),'Rates from Ireland Fedex Priort'!N12) -> No service | O13: 5 Days | P13: 8 Days | Q13: 80 | R13: 4/5* | S13: FedEx Economy | T13: Economy
A14: =IF('Rates from Ireland Fedex Priort'!A13="","",'Rates from Ireland Fedex Priort'!A13) -> EU | B14: =IF('Rates from Ireland Fedex Priort'!B13="","",'Rates from Ireland Fedex Priort'!B13) -> Ireland | C14: =IF('Rates from Ireland Fedex Priort'!C13="","",'Rates from Ireland Fedex Priort'!C13) -> Australia | D14: =IF(ISNUMBER('Rates from Ireland Fedex Priort'!D13),_xlfn.CEILING.MATH('Rates from Ireland Fedex Priort'!D13,1)+IF($A14="EU",Variables!$B$5,Variables!$B$2),'Rates from Ireland Fedex Priort'!D13) -> 88 | E14: =IF(ISNUMBER('Rates from Ireland Fedex Priort'!E13),_xlfn.CEILING.MATH('Rates from Ireland Fedex Priort'!E13,1)+IF($A14="EU",Variables!$B$6,Variables!$B$3),'Rates from Ireland Fedex Priort'!E13) -> 104 | F14: =IF(ISNUMBER('Rates from Ireland Fedex Priort'!F13),_xlfn.CEILING.MATH('Rates from Ireland Fedex Priort'!F13,1)+IF($A14="EU",Variables!$B$6,Variables!$B$3),'Rates from Ireland Fedex Priort'!F13) -> 113 | G14: =IF(ISNUMBER('Rates from Ireland Fedex Priort'!G13),_xlfn.CEILING.MATH('Rates from Ireland Fedex Priort'!G13,1)+IF($A14="EU",Variables!$B$6,Variables!$B$3),'Rates from Ireland Fedex Priort'!G13) -> 148 | H14: =IF(ISNUMBER('Rates from Ireland Fedex Priort'!H13),_xlfn.CEILING.MATH('Rates from Ireland Fedex Priort'!H13,1)+IF($A14="EU",Variables!$B$6,Variables!$B$3),'Rates from Ireland Fedex Priort'!H13) -> 194 | I14: =IF(ISNUMBER('Rates from Ireland Fedex Priort'!I13),_xlfn.CEILING.MATH('Rates from Ireland Fedex Priort'!I13,1)+IF($A14="EU",Variables!$B$6,Variables!$B$3),'Rates from Ireland Fedex Priort'!I13) -> 275 | J14: =IF(ISNUMBER('Rates from Ireland Fedex Priort'!J13),_xlfn.CEILING.MATH('Rates from Ireland Fedex Priort'!J13,1)+IF($A14="EU",Variables!$B$6,Variables!$B$3),'Rates from Ireland Fedex Priort'!J13) -> No service | K14: =IF(ISNUMBER('Rates from Ireland Fedex Priort'!K13),_xlfn.CEILING.MATH('Rates from Ireland Fedex Priort'!K13,1)+IF($A14="EU",Variables!$B$6,Variables!$B$3),'Rates from Ireland Fedex Priort'!K13) -> No service | L14: =IF(ISNUMBER('Rates from Ireland Fedex Priort'!L13),_xlfn.CEILING.MATH('Rates from Ireland Fedex Priort'!L13,1)+IF($A14="EU",Variables!$B$6,Variables!$B$3),'Rates from Ireland Fedex Priort'!L13) -> No service | ... N14: =IF(ISNUMBER('Rates from Ireland Fedex Priort'!N13),_xlfn.CEILING.MATH('Rates from Ireland Fedex Priort'!N13,1)+IF($A14="EU",Variables!$B$6,Variables!$B$3),'Rates from Ireland Fedex Priort'!N13) -> No service | O14: 5 Days | P14: 8 Days | Q14: 80 | R14: 4/5* | S14: FedEx Economy | T14: Economy
A15: =IF('Rates from Ireland Fedex Priort'!A14="","",'Rates from Ireland Fedex Priort'!A14) -> EU | B15: =IF('Rates from Ireland Fedex Priort'!B14="","",'Rates from Ireland Fedex Priort'!B14) -> Ireland | C15: =IF('Rates from Ireland Fedex Priort'!C14="","",'Rates from Ireland Fedex Priort'!C14) -> Austria | D15: =IF(ISNUMBER('Rates from Ireland Fedex Priort'!D14),_xlfn.CEILING.MATH('Rates from Ireland Fedex Priort'!D14,1)+IF($A15="EU",Variables!$B$5,Variables!$B$2),'Rates from Ireland Fedex Priort'!D14) -> 63 | E15: =IF(ISNUMBER('Rates from Ireland Fedex Priort'!E14),_xlfn.CEILING.MATH('Rates from Ireland Fedex Priort'!E14,1)+IF($A15="EU",Variables!$B$6,Variables!$B$3),'Rates from Ireland Fedex Priort'!E14) -> 65 | F15: =IF(ISNUMBER('Rates from Ireland Fedex Priort'!F14),_xlfn.CEILING.MATH('Rates from Ireland Fedex Priort'!F14,1)+IF($A15="EU",Variables!$B$6,Variables!$B$3),'Rates from Ireland Fedex Priort'!F14) -> 65 | G15: =IF(ISNUMBER('Rates from Ireland Fedex Priort'!G14),_xlfn.CEILING.MATH('Rates from Ireland Fedex Priort'!G14,1)+IF($A15="EU",Variables!$B$6,Variables!$B$3),'Rates from Ireland Fedex Priort'!G14) -> 67 | H15: =IF(ISNUMBER('Rates from Ireland Fedex Priort'!H14),_xlfn.CEILING.MATH('Rates from Ireland Fedex Priort'!H14,1)+IF($A15="EU",Variables!$B$6,Variables!$B$3),'Rates from Ireland Fedex Priort'!H14) -> 71 | I15: =IF(ISNUMBER('Rates from Ireland Fedex Priort'!I14),_xlfn.CEILING.MATH('Rates from Ireland Fedex Priort'!I14,1)+IF($A15="EU",Variables!$B$6,Variables!$B$3),'Rates from Ireland Fedex Priort'!I14) -> 78 | J15: =IF(ISNUMBER('Rates from Ireland Fedex Priort'!J14),_xlfn.CEILING.MATH('Rates from Ireland Fedex Priort'!J14,1)+IF($A15="EU",Variables!$B$6,Variables!$B$3),'Rates from Ireland Fedex Priort'!J14) -> 88 | K15: =IF(ISNUMBER('Rates from Ireland Fedex Priort'!K14),_xlfn.CEILING.MATH('Rates from Ireland Fedex Priort'!K14,1)+IF($A15="EU",Variables!$B$6,Variables!$B$3),'Rates from Ireland Fedex Priort'!K14) -> 93 | L15: =IF(ISNUMBER('Rates from Ireland Fedex Priort'!L14),_xlfn.CEILING.MATH('Rates from Ireland Fedex Priort'!L14,1)+IF($A15="EU",Variables!$B$6,Variables!$B$3),'Rates from Ireland Fedex Priort'!L14) -> 93 | ... N15: =IF(ISNUMBER('Rates from Ireland Fedex Priort'!N14),_xlfn.CEILING.MATH('Rates from Ireland Fedex Priort'!N14,1)+IF($A15="EU",Variables!$B$6,Variables!$B$3),'Rates from Ireland Fedex Priort'!N14) -> 127 | O15: 3 Days | P15: 8 Days | Q15: 80 | R15: 4/5* | S15: FedEx Economy | T15: Economy
A16: =IF('Rates from Ireland Fedex Priort'!A15="","",'Rates from Ireland Fedex Priort'!A15) -> EU | B16: =IF('Rates from Ireland Fedex Priort'!B15="","",'Rates from Ireland Fedex Priort'!B15) -> Ireland | C16: =IF('Rates from Ireland Fedex Priort'!C15="","",'Rates from Ireland Fedex Priort'!C15) -> Azerbaijan | D16: =IF(ISNUMBER('Rates from Ireland Fedex Priort'!D15),_xlfn.CEILING.MATH('Rates from Ireland Fedex Priort'!D15,1)+IF($A16="EU",Variables!$B$5,Variables!$B$2),'Rates from Ireland Fedex Priort'!D15) -> 62 | E16: =IF(ISNUMBER('Rates from Ireland Fedex Priort'!E15),_xlfn.CEILING.MATH('Rates from Ireland Fedex Priort'!E15,1)+IF($A16="EU",Variables!$B$6,Variables!$B$3),'Rates from Ireland Fedex Priort'!E15) -> 69 | F16: =IF(ISNUMBER('Rates from Ireland Fedex Priort'!F15),_xlfn.CEILING.MATH('Rates from Ireland Fedex Priort'!F15,1)+IF($A16="EU",Variables!$B$6,Variables!$B$3),'Rates from Ireland Fedex Priort'!F15) -> 72 | G16: =IF(ISNUMBER('Rates from Ireland Fedex Priort'!G15),_xlfn.CEILING.MATH('Rates from Ireland Fedex Priort'!G15,1)+IF($A16="EU",Variables!$B$6,Variables!$B$3),'Rates from Ireland Fedex Priort'!G15) -> 86 | H16: =IF(ISNUMBER('Rates from Ireland Fedex Priort'!H15),_xlfn.CEILING.MATH('Rates from Ireland Fedex Priort'!H15,1)+IF($A16="EU",Variables!$B$6,Variables!$B$3),'Rates from Ireland Fedex Priort'!H15) -> 111 | I16: =IF(ISNUMBER('Rates from Ireland Fedex Priort'!I15),_xlfn.CEILING.MATH('Rates from Ireland Fedex Priort'!I15,1)+IF($A16="EU",Variables!$B$6,Variables!$B$3),'Rates from Ireland Fedex Priort'!I15) -> 174 | J16: =IF(ISNUMBER('Rates from Ireland Fedex Priort'!J15),_xlfn.CEILING.MATH('Rates from Ireland Fedex Priort'!J15,1)+IF($A16="EU",Variables!$B$6,Variables!$B$3),'Rates from Ireland Fedex Priort'!J15) -> No service | K16: =IF(ISNUMBER('Rates from Ireland Fedex Priort'!K15),_xlfn.CEILING.MATH('Rates from Ireland Fedex Priort'!K15,1)+IF($A16="EU",Variables!$B$6,Variables!$B$3),'Rates from Ireland Fedex Priort'!K15) -> No service | L16: =IF(ISNUMBER('Rates from Ireland Fedex Priort'!L15),_xlfn.CEILING.MATH('Rates from Ireland Fedex Priort'!L15,1)+IF($A16="EU",Variables!$B$6,Variables!$B$3),'Rates from Ireland Fedex Priort'!L15) -> No service | ... N16: =IF(ISNUMBER('Rates from Ireland Fedex Priort'!N15),_xlfn.CEILING.MATH('Rates from Ireland Fedex Priort'!N15,1)+IF($A16="EU",Variables!$B$6,Variables!$B$3),'Rates from Ireland Fedex Priort'!N15) -> No service | O16: 3 Days | P16: 3-4 Days | Q16: 80 | R16: 4/5* | S16: FedEx Economy | T16: Economy
A17: =IF('Rates from Ireland Fedex Priort'!A16="","",'Rates from Ireland Fedex Priort'!A16) -> EU | B17: =IF('Rates from Ireland Fedex Priort'!B16="","",'Rates from Ireland Fedex Priort'!B16) -> Ireland | C17: =IF('Rates from Ireland Fedex Priort'!C16="","",'Rates from Ireland Fedex Priort'!C16) -> Bahamas | D17: =IF(ISNUMBER('Rates from Ireland Fedex Priort'!D16),_xlfn.CEILING.MATH('Rates from Ireland Fedex Priort'!D16,1)+IF($A17="EU",Variables!$B$5,Variables!$B$2),'Rates from Ireland Fedex Priort'!D16) -> 68 | E17: =IF(ISNUMBER('Rates from Ireland Fedex Priort'!E16),_xlfn.CEILING.MATH('Rates from Ireland Fedex Priort'!E16,1)+IF($A17="EU",Variables!$B$6,Variables!$B$3),'Rates from Ireland Fedex Priort'!E16) -> 77 | F17: =IF(ISNUMBER('Rates from Ireland Fedex Priort'!F16),_xlfn.CEILING.MATH('Rates from Ireland Fedex Priort'!F16,1)+IF($A17="EU",Variables!$B$6,Variables!$B$3),'Rates from Ireland Fedex Priort'!F16) -> 81 | G17: =IF(ISNUMBER('Rates from Ireland Fedex Priort'!G16),_xlfn.CEILING.MATH('Rates from Ireland Fedex Priort'!G16,1)+IF($A17="EU",Variables!$B$6,Variables!$B$3),'Rates from Ireland Fedex Priort'!G16) -> 96 | H17: =IF(ISNUMBER('Rates from Ireland Fedex Priort'!H16),_xlfn.CEILING.MATH('Rates from Ireland Fedex Priort'!H16,1)+IF($A17="EU",Variables!$B$6,Variables!$B$3),'Rates from Ireland Fedex Priort'!H16) -> 117 | I17: =IF(ISNUMBER('Rates from Ireland Fedex Priort'!I16),_xlfn.CEILING.MATH('Rates from Ireland Fedex Priort'!I16,1)+IF($A17="EU",Variables!$B$6,Variables!$B$3),'Rates from Ireland Fedex Priort'!I16) -> 219 | J17: =IF(ISNUMBER('Rates from Ireland Fedex Priort'!J16),_xlfn.CEILING.MATH('Rates from Ireland Fedex Priort'!J16,1)+IF($A17="EU",Variables!$B$6,Variables!$B$3),'Rates from Ireland Fedex Priort'!J16) -> No service | K17: =IF(ISNUMBER('Rates from Ireland Fedex Priort'!K16),_xlfn.CEILING.MATH('Rates from Ireland Fedex Priort'!K16,1)+IF($A17="EU",Variables!$B$6,Variables!$B$3),'Rates from Ireland Fedex Priort'!K16) -> No service | L17: =IF(ISNUMBER('Rates from Ireland Fedex Priort'!L16),_xlfn.CEILING.MATH('Rates from Ireland Fedex Priort'!L16,1)+IF($A17="EU",Variables!$B$6,Variables!$B$3),'Rates from Ireland Fedex Priort'!L16) -> No service | ... N17: =IF(ISNUMBER('Rates from Ireland Fedex Priort'!N16),_xlfn.CEILING.MATH('Rates from Ireland Fedex Priort'!N16,1)+IF($A17="EU",Variables!$B$6,Variables!$B$3),'Rates from Ireland Fedex Priort'!N16) -> No service | O17: 5 Days | P17: 8 Days | Q17: 80 | R17: 4/5* | S17: FedEx Economy | T17: Economy
A18: =IF('Rates from Ireland Fedex Priort'!A17="","",'Rates from Ireland Fedex Priort'!A17) -> EU | B18: =IF('Rates from Ireland Fedex Priort'!B17="","",'Rates from Ireland Fedex Priort'!B17) -> Ireland | C18: =IF('Rates from Ireland Fedex Priort'!C17="","",'Rates from Ireland Fedex Priort'!C17) -> Bahrain | D18: =IF(ISNUMBER('Rates from Ireland Fedex Priort'!D17),_xlfn.CEILING.MATH('Rates from Ireland Fedex Priort'!D17,1)+IF($A18="EU",Variables!$B$5,Variables!$B$2),'Rates from Ireland Fedex Priort'!D17) -> 62 | E18: =IF(ISNUMBER('Rates from Ireland Fedex Priort'!E17),_xlfn.CEILING.MATH('Rates from Ireland Fedex Priort'!E17,1)+IF($A18="EU",Variables!$B$6,Variables!$B$3),'Rates from Ireland Fedex Priort'!E17) -> 69 | F18: =IF(ISNUMBER('Rates from Ireland Fedex Priort'!F17),_xlfn.CEILING.MATH('Rates from Ireland Fedex Priort'!F17,1)+IF($A18="EU",Variables!$B$6,Variables!$B$3),'Rates from Ireland Fedex Priort'!F17) -> 72 | G18: =IF(ISNUMBER('Rates from Ireland Fedex Priort'!G17),_xlfn.CEILING.MATH('Rates from Ireland Fedex Priort'!G17,1)+IF($A18="EU",Variables!$B$6,Variables!$B$3),'Rates from Ireland Fedex Priort'!G17) -> 86 | H18: =IF(ISNUMBER('Rates from Ireland Fedex Priort'!H17),_xlfn.CEILING.MATH('Rates from Ireland Fedex Priort'!H17,1)+IF($A18="EU",Variables!$B$6,Variables!$B$3),'Rates from Ireland Fedex Priort'!H17) -> 111 | I18: =IF(ISNUMBER('Rates from Ireland Fedex Priort'!I17),_xlfn.CEILING.MATH('Rates from Ireland Fedex Priort'!I17,1)+IF($A18="EU",Variables!$B$6,Variables!$B$3),'Rates from Ireland Fedex Priort'!I17) -> 174 | J18: =IF(ISNUMBER('Rates from Ireland Fedex Priort'!J17),_xlfn.CEILING.MATH('Rates from Ireland Fedex Priort'!J17,1)+IF($A18="EU",Variables!$B$6,Variables!$B$3),'Rates from Ireland Fedex Priort'!J17) -> No service | K18: =IF(ISNUMBER('Rates from Ireland Fedex Priort'!K17),_xlfn.CEILING.MATH('Rates from Ireland Fedex Priort'!K17,1)+IF($A18="EU",Variables!$B$6,Variables!$B$3),'Rates from Ireland Fedex Priort'!K17) -> No service | L18: =IF(ISNUMBER('Rates from Ireland Fedex Priort'!L17),_xlfn.CEILING.MATH('Rates from Ireland Fedex Priort'!L17,1)+IF($A18="EU",Variables!$B$6,Variables!$B$3),'Rates from Ireland Fedex Priort'!L17) -> No service | ... N18: =IF(ISNUMBER('Rates from Ireland Fedex Priort'!N17),_xlfn.CEILING.MATH('Rates from Ireland Fedex Priort'!N17,1)+IF($A18="EU",Variables!$B$6,Variables!$B$3),'Rates from Ireland Fedex Priort'!N17) -> No service | O18: 3 Days | P18: 3-4 Days | Q18: 80 | R18: 4/5* | S18: FedEx Economy | T18: Economy
... A20: =IF('Rates from Ireland Fedex Priort'!A19="","",'Rates from Ireland Fedex Priort'!A19) -> EU | B20: =IF('Rates from Ireland Fedex Priort'!B19="","",'Rates from Ireland Fedex Priort'!B19) -> Ireland | C20: =IF('Rates from Ireland Fedex Priort'!C19="","",'Rates from Ireland Fedex Priort'!C19) -> Barbados | D20: =IF(ISNUMBER('Rates from Ireland Fedex Priort'!D19),_xlfn.CEILING.MATH('Rates from Ireland Fedex Priort'!D19,1)+IF($A20="EU",Variables!$B$5,Variables!$B$2),'Rates from Ireland Fedex Priort'!D19) -> 68 | E20: =IF(ISNUMBER('Rates from Ireland Fedex Priort'!E19),_xlfn.CEILING.MATH('Rates from Ireland Fedex Priort'!E19,1)+IF($A20="EU",Variables!$B$6,Variables!$B$3),'Rates from Ireland Fedex Priort'!E19) -> 77 | F20: =IF(ISNUMBER('Rates from Ireland Fedex Priort'!F19),_xlfn.CEILING.MATH('Rates from Ireland Fedex Priort'!F19,1)+IF($A20="EU",Variables!$B$6,Variables!$B$3),'Rates from Ireland Fedex Priort'!F19) -> 81 | G20: =IF(ISNUMBER('Rates from Ireland Fedex Priort'!G19),_xlfn.CEILING.MATH('Rates from Ireland Fedex Priort'!G19,1)+IF($A20="EU",Variables!$B$6,Variables!$B$3),'Rates from Ireland Fedex Priort'!G19) -> 96 | H20: =IF(ISNUMBER('Rates from Ireland Fedex Priort'!H19),_xlfn.CEILING.MATH('Rates from Ireland Fedex Priort'!H19,1)+IF($A20="EU",Variables!$B$6,Variables!$B$3),'Rates from Ireland Fedex Priort'!H19) -> 117 | I20: =IF(ISNUMBER('Rates from Ireland Fedex Priort'!I19),_xlfn.CEILING.MATH('Rates from Ireland Fedex Priort'!I19,1)+IF($A20="EU",Variables!$B$6,Variables!$B$3),'Rates from Ireland Fedex Priort'!I19) -> 219 | J20: =IF(ISNUMBER('Rates from Ireland Fedex Priort'!J19),_xlfn.CEILING.MATH('Rates from Ireland Fedex Priort'!J19,1)+IF($A20="EU",Variables!$B$6,Variables!$B$3),'Rates from Ireland Fedex Priort'!J19) -> No service | K20: =IF(ISNUMBER('Rates from Ireland Fedex Priort'!K19),_xlfn.CEILING.MATH('Rates from Ireland Fedex Priort'!K19,1)+IF($A20="EU",Variables!$B$6,Variables!$B$3),'Rates from Ireland Fedex Priort'!K19) -> No service | L20: =IF(ISNUMBER('Rates from Ireland Fedex Priort'!L19),_xlfn.CEILING.MATH('Rates from Ireland Fedex Priort'!L19,1)+IF($A20="EU",Variables!$B$6,Variables!$B$3),'Rates from Ireland Fedex Priort'!L19) -> No service | ... N20: =IF(ISNUMBER('Rates from Ireland Fedex Priort'!N19),_xlfn.CEILING.MATH('Rates from Ireland Fedex Priort'!N19,1)+IF($A20="EU",Variables!$B$6,Variables!$B$3),'Rates from Ireland Fedex Priort'!N19) -> No service | O20: 5 Days | P20: 8 Days | Q20: 80 | R20: 4/5* | S20: FedEx Economy | T20: Economy
A21: =IF('Rates from Ireland Fedex Priort'!A20="","",'Rates from Ireland Fedex Priort'!A20) -> EU | B21: =IF('Rates from Ireland Fedex Priort'!B20="","",'Rates from Ireland Fedex Priort'!B20) -> Ireland | C21: =IF('Rates from Ireland Fedex Priort'!C20="","",'Rates from Ireland Fedex Priort'!C20) -> Belarus | D21: =IF(ISNUMBER('Rates from Ireland Fedex Priort'!D20),_xlfn.CEILING.MATH('Rates from Ireland Fedex Priort'!D20,1)+IF($A21="EU",Variables!$B$5,Variables!$B$2),'Rates from Ireland Fedex Priort'!D20) -> No service | E21: =IF(ISNUMBER('Rates from Ireland Fedex Priort'!E20),_xlfn.CEILING.MATH('Rates from Ireland Fedex Priort'!E20,1)+IF($A21="EU",Variables!$B$6,Variables!$B$3),'Rates from Ireland Fedex Priort'!E20) -> No service | F21: =IF(ISNUMBER('Rates from Ireland Fedex Priort'!F20),_xlfn.CEILING.MATH('Rates from Ireland Fedex Priort'!F20,1)+IF($A21="EU",Variables!$B$6,Variables!$B$3),'Rates from Ireland Fedex Priort'!F20) -> No service | G21: =IF(ISNUMBER('Rates from Ireland Fedex Priort'!G20),_xlfn.CEILING.MATH('Rates from Ireland Fedex Priort'!G20,1)+IF($A21="EU",Variables!$B$6,Variables!$B$3),'Rates from Ireland Fedex Priort'!G20) -> No service | H21: =IF(ISNUMBER('Rates from Ireland Fedex Priort'!H20),_xlfn.CEILING.MATH('Rates from Ireland Fedex Priort'!H20,1)+IF($A21="EU",Variables!$B$6,Variables!$B$3),'Rates from Ireland Fedex Priort'!H20) -> No service | I21: =IF(ISNUMBER('Rates from Ireland Fedex Priort'!I20),_xlfn.CEILING.MATH('Rates from Ireland Fedex Priort'!I20,1)+IF($A21="EU",Variables!$B$6,Variables!$B$3),'Rates from Ireland Fedex Priort'!I20) -> No service | J21: =IF(ISNUMBER('Rates from Ireland Fedex Priort'!J20),_xlfn.CEILING.MATH('Rates from Ireland Fedex Priort'!J20,1)+IF($A21="EU",Variables!$B$6,Variables!$B$3),'Rates from Ireland Fedex Priort'!J20) -> No service | K21: =IF(ISNUMBER('Rates from Ireland Fedex Priort'!K20),_xlfn.CEILING.MATH('Rates from Ireland Fedex Priort'!K20,1)+IF($A21="EU",Variables!$B$6,Variables!$B$3),'Rates from Ireland Fedex Priort'!K20) -> No service | L21: =IF(ISNUMBER('Rates from Ireland Fedex Priort'!L20),_xlfn.CEILING.MATH('Rates from Ireland Fedex Priort'!L20,1)+IF($A21="EU",Variables!$B$6,Variables!$B$3),'Rates from Ireland Fedex Priort'!L20) -> No service | ... N21: =IF(ISNUMBER('Rates from Ireland Fedex Priort'!N20),_xlfn.CEILING.MATH('Rates from Ireland Fedex Priort'!N20,1)+IF($A21="EU",Variables!$B$6,Variables!$B$3),'Rates from Ireland Fedex Priort'!N20) -> No service | S21: FedEx Economy | T21: Economy
A22: =IF('Rates from Ireland Fedex Priort'!A21="","",'Rates from Ireland Fedex Priort'!A21) -> EU | B22: =IF('Rates from Ireland Fedex Priort'!B21="","",'Rates from Ireland Fedex Priort'!B21) -> Ireland | C22: =IF('Rates from Ireland Fedex Priort'!C21="","",'Rates from Ireland Fedex Priort'!C21) -> Belgium | D22: =IF(ISNUMBER('Rates from Ireland Fedex Priort'!D21),_xlfn.CEILING.MATH('Rates from Ireland Fedex Priort'!D21,1)+IF($A22="EU",Variables!$B$5,Variables!$B$2),'Rates from Ireland Fedex Priort'!D21) -> 62 | E22: =IF(ISNUMBER('Rates from Ireland Fedex Priort'!E21),_xlfn.CEILING.MATH('Rates from Ireland Fedex Priort'!E21,1)+IF($A22="EU",Variables!$B$6,Variables!$B$3),'Rates from Ireland Fedex Priort'!E21) -> 64 | F22: =IF(ISNUMBER('Rates from Ireland Fedex Priort'!F21),_xlfn.CEILING.MATH('Rates from Ireland Fedex Priort'!F21,1)+IF($A22="EU",Variables!$B$6,Variables!$B$3),'Rates from Ireland Fedex Priort'!F21) -> 67 | G22: =IF(ISNUMBER('Rates from Ireland Fedex Priort'!G21),_xlfn.CEILING.MATH('Rates from Ireland Fedex Priort'!G21,1)+IF($A22="EU",Variables!$B$6,Variables!$B$3),'Rates from Ireland Fedex Priort'!G21) -> 69 | H22: =IF(ISNUMBER('Rates from Ireland Fedex Priort'!H21),_xlfn.CEILING.MATH('Rates from Ireland Fedex Priort'!H21,1)+IF($A22="EU",Variables!$B$6,Variables!$B$3),'Rates from Ireland Fedex Priort'!H21) -> 72 | I22: =IF(ISNUMBER('Rates from Ireland Fedex Priort'!I21),_xlfn.CEILING.MATH('Rates from Ireland Fedex Priort'!I21,1)+IF($A22="EU",Variables!$B$6,Variables!$B$3),'Rates from Ireland Fedex Priort'!I21) -> 77 | J22: =IF(ISNUMBER('Rates from Ireland Fedex Priort'!J21),_xlfn.CEILING.MATH('Rates from Ireland Fedex Priort'!J21,1)+IF($A22="EU",Variables!$B$6,Variables!$B$3),'Rates from Ireland Fedex Priort'!J21) -> 85 | K22: =IF(ISNUMBER('Rates from Ireland Fedex Priort'!K21),_xlfn.CEILING.MATH('Rates from Ireland Fedex Priort'!K21,1)+IF($A22="EU",Variables!$B$6,Variables!$B$3),'Rates from Ireland Fedex Priort'!K21) -> 92 | L22: =IF(ISNUMBER('Rates from Ireland Fedex Priort'!L21),_xlfn.CEILING.MATH('Rates from Ireland Fedex Priort'!L21,1)+IF($A22="EU",Variables!$B$6,Variables!$B$3),'Rates from Ireland Fedex Priort'!L21) -> 119 | ... N22: =IF(ISNUMBER('Rates from Ireland Fedex Priort'!N21),_xlfn.CEILING.MATH('Rates from Ireland Fedex Priort'!N21,1)+IF($A22="EU",Variables!$B$6,Variables!$B$3),'Rates from Ireland Fedex Priort'!N21) -> 132 | O22: 3 Days | P22: 5 Days | Q22: 80 | R22: 4/5* | S22: FedEx Economy | T22: Economy
A23: =IF('Rates from Ireland Fedex Priort'!A22="","",'Rates from Ireland Fedex Priort'!A22) -> EU | B23: =IF('Rates from Ireland Fedex Priort'!B22="","",'Rates from Ireland Fedex Priort'!B22) -> Ireland | C23: =IF('Rates from Ireland Fedex Priort'!C22="","",'Rates from Ireland Fedex Priort'!C22) -> Belize | D23: =IF(ISNUMBER('Rates from Ireland Fedex Priort'!D22),_xlfn.CEILING.MATH('Rates from Ireland Fedex Priort'!D22,1)+IF($A23="EU",Variables!$B$5,Variables!$B$2),'Rates from Ireland Fedex Priort'!D22) -> 68 | E23: =IF(ISNUMBER('Rates from Ireland Fedex Priort'!E22),_xlfn.CEILING.MATH('Rates from Ireland Fedex Priort'!E22,1)+IF($A23="EU",Variables!$B$6,Variables!$B$3),'Rates from Ireland Fedex Priort'!E22) -> 77 | F23: =IF(ISNUMBER('Rates from Ireland Fedex Priort'!F22),_xlfn.CEILING.MATH('Rates from Ireland Fedex Priort'!F22,1)+IF($A23="EU",Variables!$B$6,Variables!$B$3),'Rates from Ireland Fedex Priort'!F22) -> 81 | G23: =IF(ISNUMBER('Rates from Ireland Fedex Priort'!G22),_xlfn.CEILING.MATH('Rates from Ireland Fedex Priort'!G22,1)+IF($A23="EU",Variables!$B$6,Variables!$B$3),'Rates from Ireland Fedex Priort'!G22) -> 96 | H23: =IF(ISNUMBER('Rates from Ireland Fedex Priort'!H22),_xlfn.CEILING.MATH('Rates from Ireland Fedex Priort'!H22,1)+IF($A23="EU",Variables!$B$6,Variables!$B$3),'Rates from Ireland Fedex Priort'!H22) -> 117 | I23: =IF(ISNUMBER('Rates from Ireland Fedex Priort'!I22),_xlfn.CEILING.MATH('Rates from Ireland Fedex Priort'!I22,1)+IF($A23="EU",Variables!$B$6,Variables!$B$3),'Rates from Ireland Fedex Priort'!I22) -> 219 | J23: =IF(ISNUMBER('Rates from Ireland Fedex Priort'!J22),_xlfn.CEILING.MATH('Rates from Ireland Fedex Priort'!J22,1)+IF($A23="EU",Variables!$B$6,Variables!$B$3),'Rates from Ireland Fedex Priort'!J22) -> No service | K23: =IF(ISNUMBER('Rates from Ireland Fedex Priort'!K22),_xlfn.CEILING.MATH('Rates from Ireland Fedex Priort'!K22,1)+IF($A23="EU",Variables!$B$6,Variables!$B$3),'Rates from Ireland Fedex Priort'!K22) -> No service | L23: =IF(ISNUMBER('Rates from Ireland Fedex Priort'!L22),_xlfn.CEILING.MATH('Rates from Ireland Fedex Priort'!L22,1)+IF($A23="EU",Variables!$B$6,Variables!$B$3),'Rates from Ireland Fedex Priort'!L22) -> No service | ... N23: =IF(ISNUMBER('Rates from Ireland Fedex Priort'!N22),_xlfn.CEILING.MATH('Rates from Ireland Fedex Priort'!N22,1)+IF($A23="EU",Variables!$B$6,Variables!$B$3),'Rates from Ireland Fedex Priort'!N22) -> No service | O23: 5 Days | P23: 8 Days | Q23: 80 | R23: 4/5* | S23: FedEx Economy | T23: Economy
A24: =IF('Rates from Ireland Fedex Priort'!A23="","",'Rates from Ireland Fedex Priort'!A23) -> EU | B24: =IF('Rates from Ireland Fedex Priort'!B23="","",'Rates from Ireland Fedex Priort'!B23) -> Ireland | C24: =IF('Rates from Ireland Fedex Priort'!C23="","",'Rates from Ireland Fedex Priort'!C23) -> Benin | D24: =IF(ISNUMBER('Rates from Ireland Fedex Priort'!D23),_xlfn.CEILING.MATH('Rates from Ireland Fedex Priort'!D23,1)+IF($A24="EU",Variables!$B$5,Variables!$B$2),'Rates from Ireland Fedex Priort'!D23) -> 75 | E24: =IF(ISNUMBER('Rates from Ireland Fedex Priort'!E23),_xlfn.CEILING.MATH('Rates from Ireland Fedex Priort'!E23,1)+IF($A24="EU",Variables!$B$6,Variables!$B$3),'Rates from Ireland Fedex Priort'!E23) -> 83 | F24: =IF(ISNUMBER('Rates from Ireland Fedex Priort'!F23),_xlfn.CEILING.MATH('Rates from Ireland Fedex Priort'!F23,1)+IF($A24="EU",Variables!$B$6,Variables!$B$3),'Rates from Ireland Fedex Priort'!F23) -> 88 | G24: =IF(ISNUMBER('Rates from Ireland Fedex Priort'!G23),_xlfn.CEILING.MATH('Rates from Ireland Fedex Priort'!G23,1)+IF($A24="EU",Variables!$B$6,Variables!$B$3),'Rates from Ireland Fedex Priort'!G23) -> 106 | H24: =IF(ISNUMBER('Rates from Ireland Fedex Priort'!H23),_xlfn.CEILING.MATH('Rates from Ireland Fedex Priort'!H23,1)+IF($A24="EU",Variables!$B$6,Variables!$B$3),'Rates from Ireland Fedex Priort'!H23) -> 134 | I24: =IF(ISNUMBER('Rates from Ireland Fedex Priort'!I23),_xlfn.CEILING.MATH('Rates from Ireland Fedex Priort'!I23,1)+IF($A24="EU",Variables!$B$6,Variables!$B$3),'Rates from Ireland Fedex Priort'!I23) -> 242 | J24: =IF(ISNUMBER('Rates from Ireland Fedex Priort'!J23),_xlfn.CEILING.MATH('Rates from Ireland Fedex Priort'!J23,1)+IF($A24="EU",Variables!$B$6,Variables!$B$3),'Rates from Ireland Fedex Priort'!J23) -> No service | K24: =IF(ISNUMBER('Rates from Ireland Fedex Priort'!K23),_xlfn.CEILING.MATH('Rates from Ireland Fedex Priort'!K23,1)+IF($A24="EU",Variables!$B$6,Variables!$B$3),'Rates from Ireland Fedex Priort'!K23) -> No service | L24: =IF(ISNUMBER('Rates from Ireland Fedex Priort'!L23),_xlfn.CEILING.MATH('Rates from Ireland Fedex Priort'!L23,1)+IF($A24="EU",Variables!$B$6,Variables!$B$3),'Rates from Ireland Fedex Priort'!L23) -> No service | ... N24: =IF(ISNUMBER('Rates from Ireland Fedex Priort'!N23),_xlfn.CEILING.MATH('Rates from Ireland Fedex Priort'!N23,1)+IF($A24="EU",Variables!$B$6,Variables!$B$3),'Rates from Ireland Fedex Priort'!N23) -> No service | O24: 5 Days | P24: 9 Days | Q24: 80 | R24: 4/5* | S24: FedEx Economy | T24: Economy
A25: =IF('Rates from Ireland Fedex Priort'!A24="","",'Rates from Ireland Fedex Priort'!A24) -> EU | B25: =IF('Rates from Ireland Fedex Priort'!B24="","",'Rates from Ireland Fedex Priort'!B24) -> Ireland | C25: =IF('Rates from Ireland Fedex Priort'!C24="","",'Rates from Ireland Fedex Priort'!C24) -> Bermuda (BOT) | D25: =IF(ISNUMBER('Rates from Ireland Fedex Priort'!D24),_xlfn.CEILING.MATH('Rates from Ireland Fedex Priort'!D24,1)+IF($A25="EU",Variables!$B$5,Variables!$B$2),'Rates from Ireland Fedex Priort'!D24) -> 68 | E25: =IF(ISNUMBER('Rates from Ireland Fedex Priort'!E24),_xlfn.CEILING.MATH('Rates from Ireland Fedex Priort'!E24,1)+IF($A25="EU",Variables!$B$6,Variables!$B$3),'Rates from Ireland Fedex Priort'!E24) -> 77 | F25: =IF(ISNUMBER('Rates from Ireland Fedex Priort'!F24),_xlfn.CEILING.MATH('Rates from Ireland Fedex Priort'!F24,1)+IF($A25="EU",Variables!$B$6,Variables!$B$3),'Rates from Ireland Fedex Priort'!F24) -> 81 | G25: =IF(ISNUMBER('Rates from Ireland Fedex Priort'!G24),_xlfn.CEILING.MATH('Rates from Ireland Fedex Priort'!G24,1)+IF($A25="EU",Variables!$B$6,Variables!$B$3),'Rates from Ireland Fedex Priort'!G24) -> 96 | H25: =IF(ISNUMBER('Rates from Ireland Fedex Priort'!H24),_xlfn.CEILING.MATH('Rates from Ireland Fedex Priort'!H24,1)+IF($A25="EU",Variables!$B$6,Variables!$B$3),'Rates from Ireland Fedex Priort'!H24) -> 117 | I25: =IF(ISNUMBER('Rates from Ireland Fedex Priort'!I24),_xlfn.CEILING.MATH('Rates from Ireland Fedex Priort'!I24,1)+IF($A25="EU",Variables!$B$6,Variables!$B$3),'Rates from Ireland Fedex Priort'!I24) -> 219 | J25: =IF(ISNUMBER('Rates from Ireland Fedex Priort'!J24),_xlfn.CEILING.MATH('Rates from Ireland Fedex Priort'!J24,1)+IF($A25="EU",Variables!$B$6,Variables!$B$3),'Rates from Ireland Fedex Priort'!J24) -> No service | K25: =IF(ISNUMBER('Rates from Ireland Fedex Priort'!K24),_xlfn.CEILING.MATH('Rates from Ireland Fedex Priort'!K24,1)+IF($A25="EU",Variables!$B$6,Variables!$B$3),'Rates from Ireland Fedex Priort'!K24) -> No service | L25: =IF(ISNUMBER('Rates from Ireland Fedex Priort'!L24),_xlfn.CEILING.MATH('Rates from Ireland Fedex Priort'!L24,1)+IF($A25="EU",Variables!$B$6,Variables!$B$3),'Rates from Ireland Fedex Priort'!L24) -> No service | ... N25: =IF(ISNUMBER('Rates from Ireland Fedex Priort'!N24),_xlfn.CEILING.MATH('Rates from Ireland Fedex Priort'!N24,1)+IF($A25="EU",Variables!$B$6,Variables!$B$3),'Rates from Ireland Fedex Priort'!N24) -> No service | O25: 5 Days | P25: 8 Days | Q25: 80 | R25: 4/5* | S25: FedEx Economy | T25: Economy
A26: =IF('Rates from Ireland Fedex Priort'!A25="","",'Rates from Ireland Fedex Priort'!A25) -> EU | B26: =IF('Rates from Ireland Fedex Priort'!B25="","",'Rates from Ireland Fedex Priort'!B25) -> Ireland | C26: =IF('Rates from Ireland Fedex Priort'!C25="","",'Rates from Ireland Fedex Priort'!C25) -> Bhutan | D26: =IF(ISNUMBER('Rates from Ireland Fedex Priort'!D25),_xlfn.CEILING.MATH('Rates from Ireland Fedex Priort'!D25,1)+IF($A26="EU",Variables!$B$5,Variables!$B$2),'Rates from Ireland Fedex Priort'!D25) -> 62 | E26: =IF(ISNUMBER('Rates from Ireland Fedex Priort'!E25),_xlfn.CEILING.MATH('Rates from Ireland Fedex Priort'!E25,1)+IF($A26="EU",Variables!$B$6,Variables!$B$3),'Rates from Ireland Fedex Priort'!E25) -> 69 | F26: =IF(ISNUMBER('Rates from Ireland Fedex Priort'!F25),_xlfn.CEILING.MATH('Rates from Ireland Fedex Priort'!F25,1)+IF($A26="EU",Variables!$B$6,Variables!$B$3),'Rates from Ireland Fedex Priort'!F25) -> 72 | G26: =IF(ISNUMBER('Rates from Ireland Fedex Priort'!G25),_xlfn.CEILING.MATH('Rates from Ireland Fedex Priort'!G25,1)+IF($A26="EU",Variables!$B$6,Variables!$B$3),'Rates from Ireland Fedex Priort'!G25) -> 86 | H26: =IF(ISNUMBER('Rates from Ireland Fedex Priort'!H25),_xlfn.CEILING.MATH('Rates from Ireland Fedex Priort'!H25,1)+IF($A26="EU",Variables!$B$6,Variables!$B$3),'Rates from Ireland Fedex Priort'!H25) -> 111 | I26: =IF(ISNUMBER('Rates from Ireland Fedex Priort'!I25),_xlfn.CEILING.MATH('Rates from Ireland Fedex Priort'!I25,1)+IF($A26="EU",Variables!$B$6,Variables!$B$3),'Rates from Ireland Fedex Priort'!I25) -> 174 | J26: =IF(ISNUMBER('Rates from Ireland Fedex Priort'!J25),_xlfn.CEILING.MATH('Rates from Ireland Fedex Priort'!J25,1)+IF($A26="EU",Variables!$B$6,Variables!$B$3),'Rates from Ireland Fedex Priort'!J25) -> No service | K26: =IF(ISNUMBER('Rates from Ireland Fedex Priort'!K25),_xlfn.CEILING.MATH('Rates from Ireland Fedex Priort'!K25,1)+IF($A26="EU",Variables!$B$6,Variables!$B$3),'Rates from Ireland Fedex Priort'!K25) -> No service | L26: =IF(ISNUMBER('Rates from Ireland Fedex Priort'!L25),_xlfn.CEILING.MATH('Rates from Ireland Fedex Priort'!L25,1)+IF($A26="EU",Variables!$B$6,Variables!$B$3),'Rates from Ireland Fedex Priort'!L25) -> No service | ... N26: =IF(ISNUMBER('Rates from Ireland Fedex Priort'!N25),_xlfn.CEILING.MATH('Rates from Ireland Fedex Priort'!N25,1)+IF($A26="EU",Variables!$B$6,Variables!$B$3),'Rates from Ireland Fedex Priort'!N25) -> No service | O26: 3 Days | P26: 3-4 Days | Q26: 80 | R26: 4/5* | S26: FedEx Economy | T26: Economy
A27: =IF('Rates from Ireland Fedex Priort'!A26="","",'Rates from Ireland Fedex Priort'!A26) -> EU | B27: =IF('Rates from Ireland Fedex Priort'!B26="","",'Rates from Ireland Fedex Priort'!B26) -> Ireland | C27: =IF('Rates from Ireland Fedex Priort'!C26="","",'Rates from Ireland Fedex Priort'!C26) -> Bolivia | D27: =IF(ISNUMBER('Rates from Ireland Fedex Priort'!D26),_xlfn.CEILING.MATH('Rates from Ireland Fedex Priort'!D26,1)+IF($A27="EU",Variables!$B$5,Variables!$B$2),'Rates from Ireland Fedex Priort'!D26) -> 71 | E27: =IF(ISNUMBER('Rates from Ireland Fedex Priort'!E26),_xlfn.CEILING.MATH('Rates from Ireland Fedex Priort'!E26,1)+IF($A27="EU",Variables!$B$6,Variables!$B$3),'Rates from Ireland Fedex Priort'!E26) -> 77 | F27: =IF(ISNUMBER('Rates from Ireland Fedex Priort'!F26),_xlfn.CEILING.MATH('Rates from Ireland Fedex Priort'!F26,1)+IF($A27="EU",Variables!$B$6,Variables!$B$3),'Rates from Ireland Fedex Priort'!F26) -> 81 | G27: =IF(ISNUMBER('Rates from Ireland Fedex Priort'!G26),_xlfn.CEILING.MATH('Rates from Ireland Fedex Priort'!G26,1)+IF($A27="EU",Variables!$B$6,Variables!$B$3),'Rates from Ireland Fedex Priort'!G26) -> 96 | H27: =IF(ISNUMBER('Rates from Ireland Fedex Priort'!H26),_xlfn.CEILING.MATH('Rates from Ireland Fedex Priort'!H26,1)+IF($A27="EU",Variables!$B$6,Variables!$B$3),'Rates from Ireland Fedex Priort'!H26) -> 117 | I27: =IF(ISNUMBER('Rates from Ireland Fedex Priort'!I26),_xlfn.CEILING.MATH('Rates from Ireland Fedex Priort'!I26,1)+IF($A27="EU",Variables!$B$6,Variables!$B$3),'Rates from Ireland Fedex Priort'!I26) -> 219 | J27: =IF(ISNUMBER('Rates from Ireland Fedex Priort'!J26),_xlfn.CEILING.MATH('Rates from Ireland Fedex Priort'!J26,1)+IF($A27="EU",Variables!$B$6,Variables!$B$3),'Rates from Ireland Fedex Priort'!J26) -> No service | K27: =IF(ISNUMBER('Rates from Ireland Fedex Priort'!K26),_xlfn.CEILING.MATH('Rates from Ireland Fedex Priort'!K26,1)+IF($A27="EU",Variables!$B$6,Variables!$B$3),'Rates from Ireland Fedex Priort'!K26) -> No service | L27: =IF(ISNUMBER('Rates from Ireland Fedex Priort'!L26),_xlfn.CEILING.MATH('Rates from Ireland Fedex Priort'!L26,1)+IF($A27="EU",Variables!$B$6,Variables!$B$3),'Rates from Ireland Fedex Priort'!L26) -> No service | ... N27: =IF(ISNUMBER('Rates from Ireland Fedex Priort'!N26),_xlfn.CEILING.MATH('Rates from Ireland Fedex Priort'!N26,1)+IF($A27="EU",Variables!$B$6,Variables!$B$3),'Rates from Ireland Fedex Priort'!N26) -> No service | O27: 8 Days | P27: 9 Days | Q27: 80 | R27: 4/5* | S27: FedEx Economy | T27: Economy
A28: =IF('Rates from Ireland Fedex Priort'!A27="","",'Rates from Ireland Fedex Priort'!A27) -> EU | B28: =IF('Rates from Ireland Fedex Priort'!B27="","",'Rates from Ireland Fedex Priort'!B27) -> Ireland | C28: =IF('Rates from Ireland Fedex Priort'!C27="","",'Rates from Ireland Fedex Priort'!C27) -> Bonaire | D28: =IF(ISNUMBER('Rates from Ireland Fedex Priort'!D27),_xlfn.CEILING.MATH('Rates from Ireland Fedex Priort'!D27,1)+IF($A28="EU",Variables!$B$5,Variables!$B$2),'Rates from Ireland Fedex Priort'!D27) -> 71 | E28: =IF(ISNUMBER('Rates from Ireland Fedex Priort'!E27),_xlfn.CEILING.MATH('Rates from Ireland Fedex Priort'!E27,1)+IF($A28="EU",Variables!$B$6,Variables!$B$3),'Rates from Ireland Fedex Priort'!E27) -> 77 | F28: =IF(ISNUMBER('Rates from Ireland Fedex Priort'!F27),_xlfn.CEILING.MATH('Rates from Ireland Fedex Priort'!F27,1)+IF($A28="EU",Variables!$B$6,Variables!$B$3),'Rates from Ireland Fedex Priort'!F27) -> 81 | G28: =IF(ISNUMBER('Rates from Ireland Fedex Priort'!G27),_xlfn.CEILING.MATH('Rates from Ireland Fedex Priort'!G27,1)+IF($A28="EU",Variables!$B$6,Variables!$B$3),'Rates from Ireland Fedex Priort'!G27) -> 96 | H28: =IF(ISNUMBER('Rates from Ireland Fedex Priort'!H27),_xlfn.CEILING.MATH('Rates from Ireland Fedex Priort'!H27,1)+IF($A28="EU",Variables!$B$6,Variables!$B$3),'Rates from Ireland Fedex Priort'!H27) -> 117 | I28: =IF(ISNUMBER('Rates from Ireland Fedex Priort'!I27),_xlfn.CEILING.MATH('Rates from Ireland Fedex Priort'!I27,1)+IF($A28="EU",Variables!$B$6,Variables!$B$3),'Rates from Ireland Fedex Priort'!I27) -> 219 | J28: =IF(ISNUMBER('Rates from Ireland Fedex Priort'!J27),_xlfn.CEILING.MATH('Rates from Ireland Fedex Priort'!J27,1)+IF($A28="EU",Variables!$B$6,Variables!$B$3),'Rates from Ireland Fedex Priort'!J27) -> No service | K28: =IF(ISNUMBER('Rates from Ireland Fedex Priort'!K27),_xlfn.CEILING.MATH('Rates from Ireland Fedex Priort'!K27,1)+IF($A28="EU",Variables!$B$6,Variables!$B$3),'Rates from Ireland Fedex Priort'!K27) -> No service | L28: =IF(ISNUMBER('Rates from Ireland Fedex Priort'!L27),_xlfn.CEILING.MATH('Rates from Ireland Fedex Priort'!L27,1)+IF($A28="EU",Variables!$B$6,Variables!$B$3),'Rates from Ireland Fedex Priort'!L27) -> No service | ... N28: =IF(ISNUMBER('Rates from Ireland Fedex Priort'!N27),_xlfn.CEILING.MATH('Rates from Ireland Fedex Priort'!N27,1)+IF($A28="EU",Variables!$B$6,Variables!$B$3),'Rates from Ireland Fedex Priort'!N27) -> No service | O28: 8 Days | P28: 9 Days | Q28: 80 | R28: 4/5* | S28: FedEx Economy | T28: Economy
A29: =IF('Rates from Ireland Fedex Priort'!A28="","",'Rates from Ireland Fedex Priort'!A28) -> EU | B29: =IF('Rates from Ireland Fedex Priort'!B28="","",'Rates from Ireland Fedex Priort'!B28) -> Ireland | C29: =IF('Rates from Ireland Fedex Priort'!C28="","",'Rates from Ireland Fedex Priort'!C28) -> Bosnia and Herzegovina | D29: =IF(ISNUMBER('Rates from Ireland Fedex Priort'!D28),_xlfn.CEILING.MATH('Rates from Ireland Fedex Priort'!D28,1)+IF($A29="EU",Variables!$B$5,Variables!$B$2),'Rates from Ireland Fedex Priort'!D28) -> 76 | E29: =IF(ISNUMBER('Rates from Ireland Fedex Priort'!E28),_xlfn.CEILING.MATH('Rates from Ireland Fedex Priort'!E28,1)+IF($A29="EU",Variables!$B$6,Variables!$B$3),'Rates from Ireland Fedex Priort'!E28) -> 85 | F29: =IF(ISNUMBER('Rates from Ireland Fedex Priort'!F28),_xlfn.CEILING.MATH('Rates from Ireland Fedex Priort'!F28,1)+IF($A29="EU",Variables!$B$6,Variables!$B$3),'Rates from Ireland Fedex Priort'!F28) -> 88 | G29: =IF(ISNUMBER('Rates from Ireland Fedex Priort'!G28),_xlfn.CEILING.MATH('Rates from Ireland Fedex Priort'!G28,1)+IF($A29="EU",Variables!$B$6,Variables!$B$3),'Rates from Ireland Fedex Priort'!G28) -> 97 | H29: =IF(ISNUMBER('Rates from Ireland Fedex Priort'!H28),_xlfn.CEILING.MATH('Rates from Ireland Fedex Priort'!H28,1)+IF($A29="EU",Variables!$B$6,Variables!$B$3),'Rates from Ireland Fedex Priort'!H28) -> 102 | I29: =IF(ISNUMBER('Rates from Ireland Fedex Priort'!I28),_xlfn.CEILING.MATH('Rates from Ireland Fedex Priort'!I28,1)+IF($A29="EU",Variables!$B$6,Variables!$B$3),'Rates from Ireland Fedex Priort'!I28) -> 109 | J29: =IF(ISNUMBER('Rates from Ireland Fedex Priort'!J28),_xlfn.CEILING.MATH('Rates from Ireland Fedex Priort'!J28,1)+IF($A29="EU",Variables!$B$6,Variables!$B$3),'Rates from Ireland Fedex Priort'!J28) -> No service | K29: =IF(ISNUMBER('Rates from Ireland Fedex Priort'!K28),_xlfn.CEILING.MATH('Rates from Ireland Fedex Priort'!K28,1)+IF($A29="EU",Variables!$B$6,Variables!$B$3),'Rates from Ireland Fedex Priort'!K28) -> No service | L29: =IF(ISNUMBER('Rates from Ireland Fedex Priort'!L28),_xlfn.CEILING.MATH('Rates from Ireland Fedex Priort'!L28,1)+IF($A29="EU",Variables!$B$6,Variables!$B$3),'Rates from Ireland Fedex Priort'!L28) -> No service | ... N29: =IF(ISNUMBER('Rates from Ireland Fedex Priort'!N28),_xlfn.CEILING.MATH('Rates from Ireland Fedex Priort'!N28,1)+IF($A29="EU",Variables!$B$6,Variables!$B$3),'Rates from Ireland Fedex Priort'!N28) -> No service | O29: 3 Days | P29: 4 Days | Q29: 80 | R29: 4/5* | S29: FedEx Economy | T29: Economy
A30: =IF('Rates from Ireland Fedex Priort'!A29="","",'Rates from Ireland Fedex Priort'!A29) -> EU | B30: =IF('Rates from Ireland Fedex Priort'!B29="","",'Rates from Ireland Fedex Priort'!B29) -> Ireland | C30: =IF('Rates from Ireland Fedex Priort'!C29="","",'Rates from Ireland Fedex Priort'!C29) -> Botswana | D30: =IF(ISNUMBER('Rates from Ireland Fedex Priort'!D29),_xlfn.CEILING.MATH('Rates from Ireland Fedex Priort'!D29,1)+IF($A30="EU",Variables!$B$5,Variables!$B$2),'Rates from Ireland Fedex Priort'!D29) -> 72 | E30: =IF(ISNUMBER('Rates from Ireland Fedex Priort'!E29),_xlfn.CEILING.MATH('Rates from Ireland Fedex Priort'!E29,1)+IF($A30="EU",Variables!$B$6,Variables!$B$3),'Rates from Ireland Fedex Priort'!E29) -> 83 | F30: =IF(ISNUMBER('Rates from Ireland Fedex Priort'!F29),_xlfn.CEILING.MATH('Rates from Ireland Fedex Priort'!F29,1)+IF($A30="EU",Variables!$B$6,Variables!$B$3),'Rates from Ireland Fedex Priort'!F29) -> 88 | G30: =IF(ISNUMBER('Rates from Ireland Fedex Priort'!G29),_xlfn.CEILING.MATH('Rates from Ireland Fedex Priort'!G29,1)+IF($A30="EU",Variables!$B$6,Variables!$B$3),'Rates from Ireland Fedex Priort'!G29) -> 106 | H30: =IF(ISNUMBER('Rates from Ireland Fedex Priort'!H29),_xlfn.CEILING.MATH('Rates from Ireland Fedex Priort'!H29,1)+IF($A30="EU",Variables!$B$6,Variables!$B$3),'Rates from Ireland Fedex Priort'!H29) -> 134 | I30: =IF(ISNUMBER('Rates from Ireland Fedex Priort'!I29),_xlfn.CEILING.MATH('Rates from Ireland Fedex Priort'!I29,1)+IF($A30="EU",Variables!$B$6,Variables!$B$3),'Rates from Ireland Fedex Priort'!I29) -> 242 | J30: =IF(ISNUMBER('Rates from Ireland Fedex Priort'!J29),_xlfn.CEILING.MATH('Rates from Ireland Fedex Priort'!J29,1)+IF($A30="EU",Variables!$B$6,Variables!$B$3),'Rates from Ireland Fedex Priort'!J29) -> No service | K30: =IF(ISNUMBER('Rates from Ireland Fedex Priort'!K29),_xlfn.CEILING.MATH('Rates from Ireland Fedex Priort'!K29,1)+IF($A30="EU",Variables!$B$6,Variables!$B$3),'Rates from Ireland Fedex Priort'!K29) -> No service | L30: =IF(ISNUMBER('Rates from Ireland Fedex Priort'!L29),_xlfn.CEILING.MATH('Rates from Ireland Fedex Priort'!L29,1)+IF($A30="EU",Variables!$B$6,Variables!$B$3),'Rates from Ireland Fedex Priort'!L29) -> No service | ... N30: =IF(ISNUMBER('Rates from Ireland Fedex Priort'!N29),_xlfn.CEILING.MATH('Rates from Ireland Fedex Priort'!N29,1)+IF($A30="EU",Variables!$B$6,Variables!$B$3),'Rates from Ireland Fedex Priort'!N29) -> No service | O30: 2-4 Days | P30: 2-5 Days | Q30: 80 | R30: 4/5* | S30: FedEx Economy | T30: Economy
A31: =IF('Rates from Ireland Fedex Priort'!A30="","",'Rates from Ireland Fedex Priort'!A30) -> EU | B31: =IF('Rates from Ireland Fedex Priort'!B30="","",'Rates from Ireland Fedex Priort'!B30) -> Ireland | C31: =IF('Rates from Ireland Fedex Priort'!C30="","",'Rates from Ireland Fedex Priort'!C30) -> Brazil | D31: =IF(ISNUMBER('Rates from Ireland Fedex Priort'!D30),_xlfn.CEILING.MATH('Rates from Ireland Fedex Priort'!D30,1)+IF($A31="EU",Variables!$B$5,Variables!$B$2),'Rates from Ireland Fedex Priort'!D30) -> 68 | E31: =IF(ISNUMBER('Rates from Ireland Fedex Priort'!E30),_xlfn.CEILING.MATH('Rates from Ireland Fedex Priort'!E30,1)+IF($A31="EU",Variables!$B$6,Variables!$B$3),'Rates from Ireland Fedex Priort'!E30) -> 77 | F31: =IF(ISNUMBER('Rates from Ireland Fedex Priort'!F30),_xlfn.CEILING.MATH('Rates from Ireland Fedex Priort'!F30,1)+IF($A31="EU",Variables!$B$6,Variables!$B$3),'Rates from Ireland Fedex Priort'!F30) -> 81 | G31: =IF(ISNUMBER('Rates from Ireland Fedex Priort'!G30),_xlfn.CEILING.MATH('Rates from Ireland Fedex Priort'!G30,1)+IF($A31="EU",Variables!$B$6,Variables!$B$3),'Rates from Ireland Fedex Priort'!G30) -> 96 | H31: =IF(ISNUMBER('Rates from Ireland Fedex Priort'!H30),_xlfn.CEILING.MATH('Rates from Ireland Fedex Priort'!H30,1)+IF($A31="EU",Variables!$B$6,Variables!$B$3),'Rates from Ireland Fedex Priort'!H30) -> 117 | I31: =IF(ISNUMBER('Rates from Ireland Fedex Priort'!I30),_xlfn.CEILING.MATH('Rates from Ireland Fedex Priort'!I30,1)+IF($A31="EU",Variables!$B$6,Variables!$B$3),'Rates from Ireland Fedex Priort'!I30) -> 219 | J31: =IF(ISNUMBER('Rates from Ireland Fedex Priort'!J30),_xlfn.CEILING.MATH('Rates from Ireland Fedex Priort'!J30,1)+IF($A31="EU",Variables!$B$6,Variables!$B$3),'Rates from Ireland Fedex Priort'!J30) -> No service | K31: =IF(ISNUMBER('Rates from Ireland Fedex Priort'!K30),_xlfn.CEILING.MATH('Rates from Ireland Fedex Priort'!K30,1)+IF($A31="EU",Variables!$B$6,Variables!$B$3),'Rates from Ireland Fedex Priort'!K30) -> No service | L31: =IF(ISNUMBER('Rates from Ireland Fedex Priort'!L30),_xlfn.CEILING.MATH('Rates from Ireland Fedex Priort'!L30,1)+IF($A31="EU",Variables!$B$6,Variables!$B$3),'Rates from Ireland Fedex Priort'!L30) -> No service | ... N31: =IF(ISNUMBER('Rates from Ireland Fedex Priort'!N30),_xlfn.CEILING.MATH('Rates from Ireland Fedex Priort'!N30,1)+IF($A31="EU",Variables!$B$6,Variables!$B$3),'Rates from Ireland Fedex Priort'!N30) -> No service | O31: 5 Days | P31: 8 Days | Q31: 80 | R31: 4/5* | S31: FedEx Economy | T31: Economy
A32: =IF('Rates from Ireland Fedex Priort'!A31="","",'Rates from Ireland Fedex Priort'!A31) -> EU | B32: =IF('Rates from Ireland Fedex Priort'!B31="","",'Rates from Ireland Fedex Priort'!B31) -> Ireland | C32: =IF('Rates from Ireland Fedex Priort'!C31="","",'Rates from Ireland Fedex Priort'!C31) -> British Virgin Islands | D32: =IF(ISNUMBER('Rates from Ireland Fedex Priort'!D31),_xlfn.CEILING.MATH('Rates from Ireland Fedex Priort'!D31,1)+IF($A32="EU",Variables!$B$5,Variables!$B$2),'Rates from Ireland Fedex Priort'!D31) -> 71 | E32: =IF(ISNUMBER('Rates from Ireland Fedex Priort'!E31),_xlfn.CEILING.MATH('Rates from Ireland Fedex Priort'!E31,1)+IF($A32="EU",Variables!$B$6,Variables!$B$3),'Rates from Ireland Fedex Priort'!E31) -> 77 | F32: =IF(ISNUMBER('Rates from Ireland Fedex Priort'!F31),_xlfn.CEILING.MATH('Rates from Ireland Fedex Priort'!F31,1)+IF($A32="EU",Variables!$B$6,Variables!$B$3),'Rates from Ireland Fedex Priort'!F31) -> 81 | G32: =IF(ISNUMBER('Rates from Ireland Fedex Priort'!G31),_xlfn.CEILING.MATH('Rates from Ireland Fedex Priort'!G31,1)+IF($A32="EU",Variables!$B$6,Variables!$B$3),'Rates from Ireland Fedex Priort'!G31) -> 96 | H32: =IF(ISNUMBER('Rates from Ireland Fedex Priort'!H31),_xlfn.CEILING.MATH('Rates from Ireland Fedex Priort'!H31,1)+IF($A32="EU",Variables!$B$6,Variables!$B$3),'Rates from Ireland Fedex Priort'!H31) -> 117 | I32: =IF(ISNUMBER('Rates from Ireland Fedex Priort'!I31),_xlfn.CEILING.MATH('Rates from Ireland Fedex Priort'!I31,1)+IF($A32="EU",Variables!$B$6,Variables!$B$3),'Rates from Ireland Fedex Priort'!I31) -> 219 | J32: =IF(ISNUMBER('Rates from Ireland Fedex Priort'!J31),_xlfn.CEILING.MATH('Rates from Ireland Fedex Priort'!J31,1)+IF($A32="EU",Variables!$B$6,Variables!$B$3),'Rates from Ireland Fedex Priort'!J31) -> No service | K32: =IF(ISNUMBER('Rates from Ireland Fedex Priort'!K31),_xlfn.CEILING.MATH('Rates from Ireland Fedex Priort'!K31,1)+IF($A32="EU",Variables!$B$6,Variables!$B$3),'Rates from Ireland Fedex Priort'!K31) -> No service | L32: =IF(ISNUMBER('Rates from Ireland Fedex Priort'!L31),_xlfn.CEILING.MATH('Rates from Ireland Fedex Priort'!L31,1)+IF($A32="EU",Variables!$B$6,Variables!$B$3),'Rates from Ireland Fedex Priort'!L31) -> No service | ... N32: =IF(ISNUMBER('Rates from Ireland Fedex Priort'!N31),_xlfn.CEILING.MATH('Rates from Ireland Fedex Priort'!N31,1)+IF($A32="EU",Variables!$B$6,Variables!$B$3),'Rates from Ireland Fedex Priort'!N31) -> No service | O32: 8 Days | P32: 9 Days | Q32: 80 | R32: 4/5* | S32: FedEx Economy | T32: Economy
A33: =IF('Rates from Ireland Fedex Priort'!A32="","",'Rates from Ireland Fedex Priort'!A32) -> EU | B33: =IF('Rates from Ireland Fedex Priort'!B32="","",'Rates from Ireland Fedex Priort'!B32) -> Ireland | C33: =IF('Rates from Ireland Fedex Priort'!C32="","",'Rates from Ireland Fedex Priort'!C32) -> Brunei | D33: =IF(ISNUMBER('Rates from Ireland Fedex Priort'!D32),_xlfn.CEILING.MATH('Rates from Ireland Fedex Priort'!D32,1)+IF($A33="EU",Variables!$B$5,Variables!$B$2),'Rates from Ireland Fedex Priort'!D32) -> 62 | E33: =IF(ISNUMBER('Rates from Ireland Fedex Priort'!E32),_xlfn.CEILING.MATH('Rates from Ireland Fedex Priort'!E32,1)+IF($A33="EU",Variables!$B$6,Variables!$B$3),'Rates from Ireland Fedex Priort'!E32) -> 69 | F33: =IF(ISNUMBER('Rates from Ireland Fedex Priort'!F32),_xlfn.CEILING.MATH('Rates from Ireland Fedex Priort'!F32,1)+IF($A33="EU",Variables!$B$6,Variables!$B$3),'Rates from Ireland Fedex Priort'!F32) -> 72 | G33: =IF(ISNUMBER('Rates from Ireland Fedex Priort'!G32),_xlfn.CEILING.MATH('Rates from Ireland Fedex Priort'!G32,1)+IF($A33="EU",Variables!$B$6,Variables!$B$3),'Rates from Ireland Fedex Priort'!G32) -> 86 | H33: =IF(ISNUMBER('Rates from Ireland Fedex Priort'!H32),_xlfn.CEILING.MATH('Rates from Ireland Fedex Priort'!H32,1)+IF($A33="EU",Variables!$B$6,Variables!$B$3),'Rates from Ireland Fedex Priort'!H32) -> 111 | I33: =IF(ISNUMBER('Rates from Ireland Fedex Priort'!I32),_xlfn.CEILING.MATH('Rates from Ireland Fedex Priort'!I32,1)+IF($A33="EU",Variables!$B$6,Variables!$B$3),'Rates from Ireland Fedex Priort'!I32) -> 174 | J33: =IF(ISNUMBER('Rates from Ireland Fedex Priort'!J32),_xlfn.CEILING.MATH('Rates from Ireland Fedex Priort'!J32,1)+IF($A33="EU",Variables!$B$6,Variables!$B$3),'Rates from Ireland Fedex Priort'!J32) -> No service | K33: =IF(ISNUMBER('Rates from Ireland Fedex Priort'!K32),_xlfn.CEILING.MATH('Rates from Ireland Fedex Priort'!K32,1)+IF($A33="EU",Variables!$B$6,Variables!$B$3),'Rates from Ireland Fedex Priort'!K32) -> No service | L33: =IF(ISNUMBER('Rates from Ireland Fedex Priort'!L32),_xlfn.CEILING.MATH('Rates from Ireland Fedex Priort'!L32,1)+IF($A33="EU",Variables!$B$6,Variables!$B$3),'Rates from Ireland Fedex Priort'!L32) -> No service | ... N33: =IF(ISNUMBER('Rates from Ireland Fedex Priort'!N32),_xlfn.CEILING.MATH('Rates from Ireland Fedex Priort'!N32,1)+IF($A33="EU",Variables!$B$6,Variables!$B$3),'Rates from Ireland Fedex Priort'!N32) -> No service | O33: 3 Days | P33: 3-4 Days | Q33: 80 | R33: 4/5* | S33: FedEx Economy | T33: Economy
... A41: =IF('Rates from Ireland Fedex Priort'!A40="","",'Rates from Ireland Fedex Priort'!A40) -> EU | B41: =IF('Rates from Ireland Fedex Priort'!B40="","",'Rates from Ireland Fedex Priort'!B40) -> Ireland | C41: =IF('Rates from Ireland Fedex Priort'!C40="","",'Rates from Ireland Fedex Priort'!C40) -> Cayman Islands | D41: =IF(ISNUMBER('Rates from Ireland Fedex Priort'!D40),_xlfn.CEILING.MATH('Rates from Ireland Fedex Priort'!D40,1)+IF($A41="EU",Variables!$B$5,Variables!$B$2),'Rates from Ireland Fedex Priort'!D40) -> 68 | E41: =IF(ISNUMBER('Rates from Ireland Fedex Priort'!E40),_xlfn.CEILING.MATH('Rates from Ireland Fedex Priort'!E40,1)+IF($A41="EU",Variables!$B$6,Variables!$B$3),'Rates from Ireland Fedex Priort'!E40) -> 77 | F41: =IF(ISNUMBER('Rates from Ireland Fedex Priort'!F40),_xlfn.CEILING.MATH('Rates from Ireland Fedex Priort'!F40,1)+IF($A41="EU",Variables!$B$6,Variables!$B$3),'Rates from Ireland Fedex Priort'!F40) -> 81 | G41: =IF(ISNUMBER('Rates from Ireland Fedex Priort'!G40),_xlfn.CEILING.MATH('Rates from Ireland Fedex Priort'!G40,1)+IF($A41="EU",Variables!$B$6,Variables!$B$3),'Rates from Ireland Fedex Priort'!G40) -> 96 | H41: =IF(ISNUMBER('Rates from Ireland Fedex Priort'!H40),_xlfn.CEILING.MATH('Rates from Ireland Fedex Priort'!H40,1)+IF($A41="EU",Variables!$B$6,Variables!$B$3),'Rates from Ireland Fedex Priort'!H40) -> 117 | I41: =IF(ISNUMBER('Rates from Ireland Fedex Priort'!I40),_xlfn.CEILING.MATH('Rates from Ireland Fedex Priort'!I40,1)+IF($A41="EU",Variables!$B$6,Variables!$B$3),'Rates from Ireland Fedex Priort'!I40) -> 219 | J41: =IF(ISNUMBER('Rates from Ireland Fedex Priort'!J40),_xlfn.CEILING.MATH('Rates from Ireland Fedex Priort'!J40,1)+IF($A41="EU",Variables!$B$6,Variables!$B$3),'Rates from Ireland Fedex Priort'!J40) -> No service | K41: =IF(ISNUMBER('Rates from Ireland Fedex Priort'!K40),_xlfn.CEILING.MATH('Rates from Ireland Fedex Priort'!K40,1)+IF($A41="EU",Variables!$B$6,Variables!$B$3),'Rates from Ireland Fedex Priort'!K40) -> No service | L41: =IF(ISNUMBER('Rates from Ireland Fedex Priort'!L40),_xlfn.CEILING.MATH('Rates from Ireland Fedex Priort'!L40,1)+IF($A41="EU",Variables!$B$6,Variables!$B$3),'Rates from Ireland Fedex Priort'!L40) -> No service | ... N41: =IF(ISNUMBER('Rates from Ireland Fedex Priort'!N40),_xlfn.CEILING.MATH('Rates from Ireland Fedex Priort'!N40,1)+IF($A41="EU",Variables!$B$6,Variables!$B$3),'Rates from Ireland Fedex Priort'!N40) -> No service | O41: 5 Days | P41: 8 Days | Q41: 80 | R41: 4/5* | S41: FedEx Economy | T41: Economy
A42: =IF('Rates from Ireland Fedex Priort'!A41="","",'Rates from Ireland Fedex Priort'!A41) -> EU | B42: =IF('Rates from Ireland Fedex Priort'!B41="","",'Rates from Ireland Fedex Priort'!B41) -> Ireland | C42: =IF('Rates from Ireland Fedex Priort'!C41="","",'Rates from Ireland Fedex Priort'!C41) -> Central African Republic | D42: =IF(ISNUMBER('Rates from Ireland Fedex Priort'!D41),_xlfn.CEILING.MATH('Rates from Ireland Fedex Priort'!D41,1)+IF($A42="EU",Variables!$B$5,Variables!$B$2),'Rates from Ireland Fedex Priort'!D41) -> No service | E42: =IF(ISNUMBER('Rates from Ireland Fedex Priort'!E41),_xlfn.CEILING.MATH('Rates from Ireland Fedex Priort'!E41,1)+IF($A42="EU",Variables!$B$6,Variables!$B$3),'Rates from Ireland Fedex Priort'!E41) -> No service | F42: =IF(ISNUMBER('Rates from Ireland Fedex Priort'!F41),_xlfn.CEILING.MATH('Rates from Ireland Fedex Priort'!F41,1)+IF($A42="EU",Variables!$B$6,Variables!$B$3),'Rates from Ireland Fedex Priort'!F41) -> No service | G42: =IF(ISNUMBER('Rates from Ireland Fedex Priort'!G41),_xlfn.CEILING.MATH('Rates from Ireland Fedex Priort'!G41,1)+IF($A42="EU",Variables!$B$6,Variables!$B$3),'Rates from Ireland Fedex Priort'!G41) -> No service | H42: =IF(ISNUMBER('Rates from Ireland Fedex Priort'!H41),_xlfn.CEILING.MATH('Rates from Ireland Fedex Priort'!H41,1)+IF($A42="EU",Variables!$B$6,Variables!$B$3),'Rates from Ireland Fedex Priort'!H41) -> No service | I42: =IF(ISNUMBER('Rates from Ireland Fedex Priort'!I41),_xlfn.CEILING.MATH('Rates from Ireland Fedex Priort'!I41,1)+IF($A42="EU",Variables!$B$6,Variables!$B$3),'Rates from Ireland Fedex Priort'!I41) -> No service | J42: =IF(ISNUMBER('Rates from Ireland Fedex Priort'!J41),_xlfn.CEILING.MATH('Rates from Ireland Fedex Priort'!J41,1)+IF($A42="EU",Variables!$B$6,Variables!$B$3),'Rates from Ireland Fedex Priort'!J41) -> No service | K42: =IF(ISNUMBER('Rates from Ireland Fedex Priort'!K41),_xlfn.CEILING.MATH('Rates from Ireland Fedex Priort'!K41,1)+IF($A42="EU",Variables!$B$6,Variables!$B$3),'Rates from Ireland Fedex Priort'!K41) -> No service | L42: =IF(ISNUMBER('Rates from Ireland Fedex Priort'!L41),_xlfn.CEILING.MATH('Rates from Ireland Fedex Priort'!L41,1)+IF($A42="EU",Variables!$B$6,Variables!$B$3),'Rates from Ireland Fedex Priort'!L41) -> No service | ... N42: =IF(ISNUMBER('Rates from Ireland Fedex Priort'!N41),_xlfn.CEILING.MATH('Rates from Ireland Fedex Priort'!N41,1)+IF($A42="EU",Variables!$B$6,Variables!$B$3),'Rates from Ireland Fedex Priort'!N41) -> No service | S42: FedEx Economy | T42: Economy
A43: =IF('Rates from Ireland Fedex Priort'!A42="","",'Rates from Ireland Fedex Priort'!A42) -> EU | B43: =IF('Rates from Ireland Fedex Priort'!B42="","",'Rates from Ireland Fedex Priort'!B42) -> Ireland | C43: =IF('Rates from Ireland Fedex Priort'!C42="","",'Rates from Ireland Fedex Priort'!C42) -> Chad | D43: =IF(ISNUMBER('Rates from Ireland Fedex Priort'!D42),_xlfn.CEILING.MATH('Rates from Ireland Fedex Priort'!D42,1)+IF($A43="EU",Variables!$B$5,Variables!$B$2),'Rates from Ireland Fedex Priort'!D42) -> 72 | E43: =IF(ISNUMBER('Rates from Ireland Fedex Priort'!E42),_xlfn.CEILING.MATH('Rates from Ireland Fedex Priort'!E42,1)+IF($A43="EU",Variables!$B$6,Variables!$B$3),'Rates from Ireland Fedex Priort'!E42) -> 83 | F43: =IF(ISNUMBER('Rates from Ireland Fedex Priort'!F42),_xlfn.CEILING.MATH('Rates from Ireland Fedex Priort'!F42,1)+IF($A43="EU",Variables!$B$6,Variables!$B$3),'Rates from Ireland Fedex Priort'!F42) -> 88 | G43: =IF(ISNUMBER('Rates from Ireland Fedex Priort'!G42),_xlfn.CEILING.MATH('Rates from Ireland Fedex Priort'!G42,1)+IF($A43="EU",Variables!$B$6,Variables!$B$3),'Rates from Ireland Fedex Priort'!G42) -> 106 | H43: =IF(ISNUMBER('Rates from Ireland Fedex Priort'!H42),_xlfn.CEILING.MATH('Rates from Ireland Fedex Priort'!H42,1)+IF($A43="EU",Variables!$B$6,Variables!$B$3),'Rates from Ireland Fedex Priort'!H42) -> 134 | I43: =IF(ISNUMBER('Rates from Ireland Fedex Priort'!I42),_xlfn.CEILING.MATH('Rates from Ireland Fedex Priort'!I42,1)+IF($A43="EU",Variables!$B$6,Variables!$B$3),'Rates from Ireland Fedex Priort'!I42) -> 242 | J43: =IF(ISNUMBER('Rates from Ireland Fedex Priort'!J42),_xlfn.CEILING.MATH('Rates from Ireland Fedex Priort'!J42,1)+IF($A43="EU",Variables!$B$6,Variables!$B$3),'Rates from Ireland Fedex Priort'!J42) -> No service | K43: =IF(ISNUMBER('Rates from Ireland Fedex Priort'!K42),_xlfn.CEILING.MATH('Rates from Ireland Fedex Priort'!K42,1)+IF($A43="EU",Variables!$B$6,Variables!$B$3),'Rates from Ireland Fedex Priort'!K42) -> No service | L43: =IF(ISNUMBER('Rates from Ireland Fedex Priort'!L42),_xlfn.CEILING.MATH('Rates from Ireland Fedex Priort'!L42,1)+IF($A43="EU",Variables!$B$6,Variables!$B$3),'Rates from Ireland Fedex Priort'!L42) -> No service | ... N43: =IF(ISNUMBER('Rates from Ireland Fedex Priort'!N42),_xlfn.CEILING.MATH('Rates from Ireland Fedex Priort'!N42,1)+IF($A43="EU",Variables!$B$6,Variables!$B$3),'Rates from Ireland Fedex Priort'!N42) -> No service | O43: 2-4 Days | P43: 2-5 Days | Q43: 80 | R43: 4/5* | S43: FedEx Economy | T43: Economy
A44: =IF('Rates from Ireland Fedex Priort'!A43="","",'Rates from Ireland Fedex Priort'!A43) -> EU | B44: =IF('Rates from Ireland Fedex Priort'!B43="","",'Rates from Ireland Fedex Priort'!B43) -> Ireland | C44: =IF('Rates from Ireland Fedex Priort'!C43="","",'Rates from Ireland Fedex Priort'!C43) -> Chile | D44: =IF(ISNUMBER('Rates from Ireland Fedex Priort'!D43),_xlfn.CEILING.MATH('Rates from Ireland Fedex Priort'!D43,1)+IF($A44="EU",Variables!$B$5,Variables!$B$2),'Rates from Ireland Fedex Priort'!D43) -> 68 | E44: =IF(ISNUMBER('Rates from Ireland Fedex Priort'!E43),_xlfn.CEILING.MATH('Rates from Ireland Fedex Priort'!E43,1)+IF($A44="EU",Variables!$B$6,Variables!$B$3),'Rates from Ireland Fedex Priort'!E43) -> 77 | F44: =IF(ISNUMBER('Rates from Ireland Fedex Priort'!F43),_xlfn.CEILING.MATH('Rates from Ireland Fedex Priort'!F43,1)+IF($A44="EU",Variables!$B$6,Variables!$B$3),'Rates from Ireland Fedex Priort'!F43) -> 81 | G44: =IF(ISNUMBER('Rates from Ireland Fedex Priort'!G43),_xlfn.CEILING.MATH('Rates from Ireland Fedex Priort'!G43,1)+IF($A44="EU",Variables!$B$6,Variables!$B$3),'Rates from Ireland Fedex Priort'!G43) -> 96 | H44: =IF(ISNUMBER('Rates from Ireland Fedex Priort'!H43),_xlfn.CEILING.MATH('Rates from Ireland Fedex Priort'!H43,1)+IF($A44="EU",Variables!$B$6,Variables!$B$3),'Rates from Ireland Fedex Priort'!H43) -> 117 | I44: =IF(ISNUMBER('Rates from Ireland Fedex Priort'!I43),_xlfn.CEILING.MATH('Rates from Ireland Fedex Priort'!I43,1)+IF($A44="EU",Variables!$B$6,Variables!$B$3),'Rates from Ireland Fedex Priort'!I43) -> 219 | J44: =IF(ISNUMBER('Rates from Ireland Fedex Priort'!J43),_xlfn.CEILING.MATH('Rates from Ireland Fedex Priort'!J43,1)+IF($A44="EU",Variables!$B$6,Variables!$B$3),'Rates from Ireland Fedex Priort'!J43) -> No service | K44: =IF(ISNUMBER('Rates from Ireland Fedex Priort'!K43),_xlfn.CEILING.MATH('Rates from Ireland Fedex Priort'!K43,1)+IF($A44="EU",Variables!$B$6,Variables!$B$3),'Rates from Ireland Fedex Priort'!K43) -> No service | L44: =IF(ISNUMBER('Rates from Ireland Fedex Priort'!L43),_xlfn.CEILING.MATH('Rates from Ireland Fedex Priort'!L43,1)+IF($A44="EU",Variables!$B$6,Variables!$B$3),'Rates from Ireland Fedex Priort'!L43) -> No service | ... N44: =IF(ISNUMBER('Rates from Ireland Fedex Priort'!N43),_xlfn.CEILING.MATH('Rates from Ireland Fedex Priort'!N43,1)+IF($A44="EU",Variables!$B$6,Variables!$B$3),'Rates from Ireland Fedex Priort'!N43) -> No service | O44: 5 Days | P44: 8 Days | Q44: 80 | R44: 4/5* | S44: FedEx Economy | T44: Economy
A45: =IF('Rates from Ireland Fedex Priort'!A44="","",'Rates from Ireland Fedex Priort'!A44) -> EU | B45: =IF('Rates from Ireland Fedex Priort'!B44="","",'Rates from Ireland Fedex Priort'!B44) -> Ireland | C45: =IF('Rates from Ireland Fedex Priort'!C44="","",'Rates from Ireland Fedex Priort'!C44) -> China | D45: =IF(ISNUMBER('Rates from Ireland Fedex Priort'!D44),_xlfn.CEILING.MATH('Rates from Ireland Fedex Priort'!D44,1)+IF($A45="EU",Variables!$B$5,Variables!$B$2),'Rates from Ireland Fedex Priort'!D44) -> 59 | E45: =IF(ISNUMBER('Rates from Ireland Fedex Priort'!E44),_xlfn.CEILING.MATH('Rates from Ireland Fedex Priort'!E44,1)+IF($A45="EU",Variables!$B$6,Variables!$B$3),'Rates from Ireland Fedex Priort'!E44) -> 101 | F45: =IF(ISNUMBER('Rates from Ireland Fedex Priort'!F44),_xlfn.CEILING.MATH('Rates from Ireland Fedex Priort'!F44,1)+IF($A45="EU",Variables!$B$6,Variables!$B$3),'Rates from Ireland Fedex Priort'!F44) -> 104 | G45: =IF(ISNUMBER('Rates from Ireland Fedex Priort'!G44),_xlfn.CEILING.MATH('Rates from Ireland Fedex Priort'!G44,1)+IF($A45="EU",Variables!$B$6,Variables!$B$3),'Rates from Ireland Fedex Priort'!G44) -> 117 | H45: =IF(ISNUMBER('Rates from Ireland Fedex Priort'!H44),_xlfn.CEILING.MATH('Rates from Ireland Fedex Priort'!H44,1)+IF($A45="EU",Variables!$B$6,Variables!$B$3),'Rates from Ireland Fedex Priort'!H44) -> 131 | I45: =IF(ISNUMBER('Rates from Ireland Fedex Priort'!I44),_xlfn.CEILING.MATH('Rates from Ireland Fedex Priort'!I44,1)+IF($A45="EU",Variables!$B$6,Variables!$B$3),'Rates from Ireland Fedex Priort'!I44) -> 196 | J45: =IF(ISNUMBER('Rates from Ireland Fedex Priort'!J44),_xlfn.CEILING.MATH('Rates from Ireland Fedex Priort'!J44,1)+IF($A45="EU",Variables!$B$6,Variables!$B$3),'Rates from Ireland Fedex Priort'!J44) -> No service | K45: =IF(ISNUMBER('Rates from Ireland Fedex Priort'!K44),_xlfn.CEILING.MATH('Rates from Ireland Fedex Priort'!K44,1)+IF($A45="EU",Variables!$B$6,Variables!$B$3),'Rates from Ireland Fedex Priort'!K44) -> No service | L45: =IF(ISNUMBER('Rates from Ireland Fedex Priort'!L44),_xlfn.CEILING.MATH('Rates from Ireland Fedex Priort'!L44,1)+IF($A45="EU",Variables!$B$6,Variables!$B$3),'Rates from Ireland Fedex Priort'!L44) -> No service | ... N45: =IF(ISNUMBER('Rates from Ireland Fedex Priort'!N44),_xlfn.CEILING.MATH('Rates from Ireland Fedex Priort'!N44,1)+IF($A45="EU",Variables!$B$6,Variables!$B$3),'Rates from Ireland Fedex Priort'!N44) -> No service | O45: 3-4 Days | P45: 10 Days | Q45: 80 | S45: FedEx Economy | T45: Economy
A46: =IF('Rates from Ireland Fedex Priort'!A45="","",'Rates from Ireland Fedex Priort'!A45) -> EU | B46: =IF('Rates from Ireland Fedex Priort'!B45="","",'Rates from Ireland Fedex Priort'!B45) -> Ireland | C46: =IF('Rates from Ireland Fedex Priort'!C45="","",'Rates from Ireland Fedex Priort'!C45) -> Christmas Island | D46: =IF(ISNUMBER('Rates from Ireland Fedex Priort'!D45),_xlfn.CEILING.MATH('Rates from Ireland Fedex Priort'!D45,1)+IF($A46="EU",Variables!$B$5,Variables!$B$2),'Rates from Ireland Fedex Priort'!D45) -> No service | E46: =IF(ISNUMBER('Rates from Ireland Fedex Priort'!E45),_xlfn.CEILING.MATH('Rates from Ireland Fedex Priort'!E45,1)+IF($A46="EU",Variables!$B$6,Variables!$B$3),'Rates from Ireland Fedex Priort'!E45) -> No service | F46: =IF(ISNUMBER('Rates from Ireland Fedex Priort'!F45),_xlfn.CEILING.MATH('Rates from Ireland Fedex Priort'!F45,1)+IF($A46="EU",Variables!$B$6,Variables!$B$3),'Rates from Ireland Fedex Priort'!F45) -> No service | G46: =IF(ISNUMBER('Rates from Ireland Fedex Priort'!G45),_xlfn.CEILING.MATH('Rates from Ireland Fedex Priort'!G45,1)+IF($A46="EU",Variables!$B$6,Variables!$B$3),'Rates from Ireland Fedex Priort'!G45) -> No service | H46: =IF(ISNUMBER('Rates from Ireland Fedex Priort'!H45),_xlfn.CEILING.MATH('Rates from Ireland Fedex Priort'!H45,1)+IF($A46="EU",Variables!$B$6,Variables!$B$3),'Rates from Ireland Fedex Priort'!H45) -> No service | I46: =IF(ISNUMBER('Rates from Ireland Fedex Priort'!I45),_xlfn.CEILING.MATH('Rates from Ireland Fedex Priort'!I45,1)+IF($A46="EU",Variables!$B$6,Variables!$B$3),'Rates from Ireland Fedex Priort'!I45) -> No service | J46: =IF(ISNUMBER('Rates from Ireland Fedex Priort'!J45),_xlfn.CEILING.MATH('Rates from Ireland Fedex Priort'!J45,1)+IF($A46="EU",Variables!$B$6,Variables!$B$3),'Rates from Ireland Fedex Priort'!J45) -> No service | K46: =IF(ISNUMBER('Rates from Ireland Fedex Priort'!K45),_xlfn.CEILING.MATH('Rates from Ireland Fedex Priort'!K45,1)+IF($A46="EU",Variables!$B$6,Variables!$B$3),'Rates from Ireland Fedex Priort'!K45) -> No service | L46: =IF(ISNUMBER('Rates from Ireland Fedex Priort'!L45),_xlfn.CEILING.MATH('Rates from Ireland Fedex Priort'!L45,1)+IF($A46="EU",Variables!$B$6,Variables!$B$3),'Rates from Ireland Fedex Priort'!L45) -> No service | ... N46: =IF(ISNUMBER('Rates from Ireland Fedex Priort'!N45),_xlfn.CEILING.MATH('Rates from Ireland Fedex Priort'!N45,1)+IF($A46="EU",Variables!$B$6,Variables!$B$3),'Rates from Ireland Fedex Priort'!N45) -> No service | S46: FedEx Economy | T46: Economy
A47: =IF('Rates from Ireland Fedex Priort'!A46="","",'Rates from Ireland Fedex Priort'!A46) -> EU | B47: =IF('Rates from Ireland Fedex Priort'!B46="","",'Rates from Ireland Fedex Priort'!B46) -> Ireland | C47: =IF('Rates from Ireland Fedex Priort'!C46="","",'Rates from Ireland Fedex Priort'!C46) -> Cocos (Keeling) Islands | D47: =IF(ISNUMBER('Rates from Ireland Fedex Priort'!D46),_xlfn.CEILING.MATH('Rates from Ireland Fedex Priort'!D46,1)+IF($A47="EU",Variables!$B$5,Variables!$B$2),'Rates from Ireland Fedex Priort'!D46) -> No service | E47: =IF(ISNUMBER('Rates from Ireland Fedex Priort'!E46),_xlfn.CEILING.MATH('Rates from Ireland Fedex Priort'!E46,1)+IF($A47="EU",Variables!$B$6,Variables!$B$3),'Rates from Ireland Fedex Priort'!E46) -> No service | F47: =IF(ISNUMBER('Rates from Ireland Fedex Priort'!F46),_xlfn.CEILING.MATH('Rates from Ireland Fedex Priort'!F46,1)+IF($A47="EU",Variables!$B$6,Variables!$B$3),'Rates from Ireland Fedex Priort'!F46) -> No service | G47: =IF(ISNUMBER('Rates from Ireland Fedex Priort'!G46),_xlfn.CEILING.MATH('Rates from Ireland Fedex Priort'!G46,1)+IF($A47="EU",Variables!$B$6,Variables!$B$3),'Rates from Ireland Fedex Priort'!G46) -> No service | H47: =IF(ISNUMBER('Rates from Ireland Fedex Priort'!H46),_xlfn.CEILING.MATH('Rates from Ireland Fedex Priort'!H46,1)+IF($A47="EU",Variables!$B$6,Variables!$B$3),'Rates from Ireland Fedex Priort'!H46) -> No service | I47: =IF(ISNUMBER('Rates from Ireland Fedex Priort'!I46),_xlfn.CEILING.MATH('Rates from Ireland Fedex Priort'!I46,1)+IF($A47="EU",Variables!$B$6,Variables!$B$3),'Rates from Ireland Fedex Priort'!I46) -> No service | J47: =IF(ISNUMBER('Rates from Ireland Fedex Priort'!J46),_xlfn.CEILING.MATH('Rates from Ireland Fedex Priort'!J46,1)+IF($A47="EU",Variables!$B$6,Variables!$B$3),'Rates from Ireland Fedex Priort'!J46) -> No service | K47: =IF(ISNUMBER('Rates from Ireland Fedex Priort'!K46),_xlfn.CEILING.MATH('Rates from Ireland Fedex Priort'!K46,1)+IF($A47="EU",Variables!$B$6,Variables!$B$3),'Rates from Ireland Fedex Priort'!K46) -> No service | L47: =IF(ISNUMBER('Rates from Ireland Fedex Priort'!L46),_xlfn.CEILING.MATH('Rates from Ireland Fedex Priort'!L46,1)+IF($A47="EU",Variables!$B$6,Variables!$B$3),'Rates from Ireland Fedex Priort'!L46) -> No service | ... N47: =IF(ISNUMBER('Rates from Ireland Fedex Priort'!N46),_xlfn.CEILING.MATH('Rates from Ireland Fedex Priort'!N46,1)+IF($A47="EU",Variables!$B$6,Variables!$B$3),'Rates from Ireland Fedex Priort'!N46) -> No service | S47: FedEx Economy | T47: Economy
A48: =IF('Rates from Ireland Fedex Priort'!A47="","",'Rates from Ireland Fedex Priort'!A47) -> EU | B48: =IF('Rates from Ireland Fedex Priort'!B47="","",'Rates from Ireland Fedex Priort'!B47) -> Ireland | C48: =IF('Rates from Ireland Fedex Priort'!C47="","",'Rates from Ireland Fedex Priort'!C47) -> Colombia | D48: =IF(ISNUMBER('Rates from Ireland Fedex Priort'!D47),_xlfn.CEILING.MATH('Rates from Ireland Fedex Priort'!D47,1)+IF($A48="EU",Variables!$B$5,Variables!$B$2),'Rates from Ireland Fedex Priort'!D47) -> 68 | E48: =IF(ISNUMBER('Rates from Ireland Fedex Priort'!E47),_xlfn.CEILING.MATH('Rates from Ireland Fedex Priort'!E47,1)+IF($A48="EU",Variables!$B$6,Variables!$B$3),'Rates from Ireland Fedex Priort'!E47) -> 77 | F48: =IF(ISNUMBER('Rates from Ireland Fedex Priort'!F47),_xlfn.CEILING.MATH('Rates from Ireland Fedex Priort'!F47,1)+IF($A48="EU",Variables!$B$6,Variables!$B$3),'Rates from Ireland Fedex Priort'!F47) -> 81 | G48: =IF(ISNUMBER('Rates from Ireland Fedex Priort'!G47),_xlfn.CEILING.MATH('Rates from Ireland Fedex Priort'!G47,1)+IF($A48="EU",Variables!$B$6,Variables!$B$3),'Rates from Ireland Fedex Priort'!G47) -> 96 | H48: =IF(ISNUMBER('Rates from Ireland Fedex Priort'!H47),_xlfn.CEILING.MATH('Rates from Ireland Fedex Priort'!H47,1)+IF($A48="EU",Variables!$B$6,Variables!$B$3),'Rates from Ireland Fedex Priort'!H47) -> 117 | I48: =IF(ISNUMBER('Rates from Ireland Fedex Priort'!I47),_xlfn.CEILING.MATH('Rates from Ireland Fedex Priort'!I47,1)+IF($A48="EU",Variables!$B$6,Variables!$B$3),'Rates from Ireland Fedex Priort'!I47) -> 219 | J48: =IF(ISNUMBER('Rates from Ireland Fedex Priort'!J47),_xlfn.CEILING.MATH('Rates from Ireland Fedex Priort'!J47,1)+IF($A48="EU",Variables!$B$6,Variables!$B$3),'Rates from Ireland Fedex Priort'!J47) -> No service | K48: =IF(ISNUMBER('Rates from Ireland Fedex Priort'!K47),_xlfn.CEILING.MATH('Rates from Ireland Fedex Priort'!K47,1)+IF($A48="EU",Variables!$B$6,Variables!$B$3),'Rates from Ireland Fedex Priort'!K47) -> No service | L48: =IF(ISNUMBER('Rates from Ireland Fedex Priort'!L47),_xlfn.CEILING.MATH('Rates from Ireland Fedex Priort'!L47,1)+IF($A48="EU",Variables!$B$6,Variables!$B$3),'Rates from Ireland Fedex Priort'!L47) -> No service | ... N48: =IF(ISNUMBER('Rates from Ireland Fedex Priort'!N47),_xlfn.CEILING.MATH('Rates from Ireland Fedex Priort'!N47,1)+IF($A48="EU",Variables!$B$6,Variables!$B$3),'Rates from Ireland Fedex Priort'!N47) -> No service | O48: 5 Days | P48: 8 Days | Q48: 80 | R48: 4/5* | S48: FedEx Economy | T48: Economy
A49: =IF('Rates from Ireland Fedex Priort'!A48="","",'Rates from Ireland Fedex Priort'!A48) -> EU | B49: =IF('Rates from Ireland Fedex Priort'!B48="","",'Rates from Ireland Fedex Priort'!B48) -> Ireland | C49: =IF('Rates from Ireland Fedex Priort'!C48="","",'Rates from Ireland Fedex Priort'!C48) -> Comoros | D49: =IF(ISNUMBER('Rates from Ireland Fedex Priort'!D48),_xlfn.CEILING.MATH('Rates from Ireland Fedex Priort'!D48,1)+IF($A49="EU",Variables!$B$5,Variables!$B$2),'Rates from Ireland Fedex Priort'!D48) -> No service | E49: =IF(ISNUMBER('Rates from Ireland Fedex Priort'!E48),_xlfn.CEILING.MATH('Rates from Ireland Fedex Priort'!E48,1)+IF($A49="EU",Variables!$B$6,Variables!$B$3),'Rates from Ireland Fedex Priort'!E48) -> No service | F49: =IF(ISNUMBER('Rates from Ireland Fedex Priort'!F48),_xlfn.CEILING.MATH('Rates from Ireland Fedex Priort'!F48,1)+IF($A49="EU",Variables!$B$6,Variables!$B$3),'Rates from Ireland Fedex Priort'!F48) -> No service | G49: =IF(ISNUMBER('Rates from Ireland Fedex Priort'!G48),_xlfn.CEILING.MATH('Rates from Ireland Fedex Priort'!G48,1)+IF($A49="EU",Variables!$B$6,Variables!$B$3),'Rates from Ireland Fedex Priort'!G48) -> No service | H49: =IF(ISNUMBER('Rates from Ireland Fedex Priort'!H48),_xlfn.CEILING.MATH('Rates from Ireland Fedex Priort'!H48,1)+IF($A49="EU",Variables!$B$6,Variables!$B$3),'Rates from Ireland Fedex Priort'!H48) -> No service | I49: =IF(ISNUMBER('Rates from Ireland Fedex Priort'!I48),_xlfn.CEILING.MATH('Rates from Ireland Fedex Priort'!I48,1)+IF($A49="EU",Variables!$B$6,Variables!$B$3),'Rates from Ireland Fedex Priort'!I48) -> No service | J49: =IF(ISNUMBER('Rates from Ireland Fedex Priort'!J48),_xlfn.CEILING.MATH('Rates from Ireland Fedex Priort'!J48,1)+IF($A49="EU",Variables!$B$6,Variables!$B$3),'Rates from Ireland Fedex Priort'!J48) -> No service | K49: =IF(ISNUMBER('Rates from Ireland Fedex Priort'!K48),_xlfn.CEILING.MATH('Rates from Ireland Fedex Priort'!K48,1)+IF($A49="EU",Variables!$B$6,Variables!$B$3),'Rates from Ireland Fedex Priort'!K48) -> No service | L49: =IF(ISNUMBER('Rates from Ireland Fedex Priort'!L48),_xlfn.CEILING.MATH('Rates from Ireland Fedex Priort'!L48,1)+IF($A49="EU",Variables!$B$6,Variables!$B$3),'Rates from Ireland Fedex Priort'!L48) -> No service | ... N49: =IF(ISNUMBER('Rates from Ireland Fedex Priort'!N48),_xlfn.CEILING.MATH('Rates from Ireland Fedex Priort'!N48,1)+IF($A49="EU",Variables!$B$6,Variables!$B$3),'Rates from Ireland Fedex Priort'!N48) -> No service | S49: FedEx Economy | T49: Economy
A50: =IF('Rates from Ireland Fedex Priort'!A49="","",'Rates from Ireland Fedex Priort'!A49) -> EU | B50: =IF('Rates from Ireland Fedex Priort'!B49="","",'Rates from Ireland Fedex Priort'!B49) -> Ireland | C50: =IF('Rates from Ireland Fedex Priort'!C49="","",'Rates from Ireland Fedex Priort'!C49) -> Congo | D50: =IF(ISNUMBER('Rates from Ireland Fedex Priort'!D49),_xlfn.CEILING.MATH('Rates from Ireland Fedex Priort'!D49,1)+IF($A50="EU",Variables!$B$5,Variables!$B$2),'Rates from Ireland Fedex Priort'!D49) -> 72 | E50: =IF(ISNUMBER('Rates from Ireland Fedex Priort'!E49),_xlfn.CEILING.MATH('Rates from Ireland Fedex Priort'!E49,1)+IF($A50="EU",Variables!$B$6,Variables!$B$3),'Rates from Ireland Fedex Priort'!E49) -> 83 | F50: =IF(ISNUMBER('Rates from Ireland Fedex Priort'!F49),_xlfn.CEILING.MATH('Rates from Ireland Fedex Priort'!F49,1)+IF($A50="EU",Variables!$B$6,Variables!$B$3),'Rates from Ireland Fedex Priort'!F49) -> 88 | G50: =IF(ISNUMBER('Rates from Ireland Fedex Priort'!G49),_xlfn.CEILING.MATH('Rates from Ireland Fedex Priort'!G49,1)+IF($A50="EU",Variables!$B$6,Variables!$B$3),'Rates from Ireland Fedex Priort'!G49) -> 106 | H50: =IF(ISNUMBER('Rates from Ireland Fedex Priort'!H49),_xlfn.CEILING.MATH('Rates from Ireland Fedex Priort'!H49,1)+IF($A50="EU",Variables!$B$6,Variables!$B$3),'Rates from Ireland Fedex Priort'!H49) -> 134 | I50: =IF(ISNUMBER('Rates from Ireland Fedex Priort'!I49),_xlfn.CEILING.MATH('Rates from Ireland Fedex Priort'!I49,1)+IF($A50="EU",Variables!$B$6,Variables!$B$3),'Rates from Ireland Fedex Priort'!I49) -> 242 | J50: =IF(ISNUMBER('Rates from Ireland Fedex Priort'!J49),_xlfn.CEILING.MATH('Rates from Ireland Fedex Priort'!J49,1)+IF($A50="EU",Variables!$B$6,Variables!$B$3),'Rates from Ireland Fedex Priort'!J49) -> No service | K50: =IF(ISNUMBER('Rates from Ireland Fedex Priort'!K49),_xlfn.CEILING.MATH('Rates from Ireland Fedex Priort'!K49,1)+IF($A50="EU",Variables!$B$6,Variables!$B$3),'Rates from Ireland Fedex Priort'!K49) -> No service | L50: =IF(ISNUMBER('Rates from Ireland Fedex Priort'!L49),_xlfn.CEILING.MATH('Rates from Ireland Fedex Priort'!L49,1)+IF($A50="EU",Variables!$B$6,Variables!$B$3),'Rates from Ireland Fedex Priort'!L49) -> No service | ... N50: =IF(ISNUMBER('Rates from Ireland Fedex Priort'!N49),_xlfn.CEILING.MATH('Rates from Ireland Fedex Priort'!N49,1)+IF($A50="EU",Variables!$B$6,Variables!$B$3),'Rates from Ireland Fedex Priort'!N49) -> No service | O50: 2-4 Days | P50: 2-5 Days | Q50: 80 | R50: 4/5* | S50: FedEx Economy | T50: Economy
A51: =IF('Rates from Ireland Fedex Priort'!A50="","",'Rates from Ireland Fedex Priort'!A50) -> EU | B51: =IF('Rates from Ireland Fedex Priort'!B50="","",'Rates from Ireland Fedex Priort'!B50) -> Ireland | C51: =IF('Rates from Ireland Fedex Priort'!C50="","",'Rates from Ireland Fedex Priort'!C50) -> Cook Islands | D51: =IF(ISNUMBER('Rates from Ireland Fedex Priort'!D50),_xlfn.CEILING.MATH('Rates from Ireland Fedex Priort'!D50,1)+IF($A51="EU",Variables!$B$5,Variables!$B$2),'Rates from Ireland Fedex Priort'!D50) -> 72 | E51: =IF(ISNUMBER('Rates from Ireland Fedex Priort'!E50),_xlfn.CEILING.MATH('Rates from Ireland Fedex Priort'!E50,1)+IF($A51="EU",Variables!$B$6,Variables!$B$3),'Rates from Ireland Fedex Priort'!E50) -> 83 | F51: =IF(ISNUMBER('Rates from Ireland Fedex Priort'!F50),_xlfn.CEILING.MATH('Rates from Ireland Fedex Priort'!F50,1)+IF($A51="EU",Variables!$B$6,Variables!$B$3),'Rates from Ireland Fedex Priort'!F50) -> 88 | G51: =IF(ISNUMBER('Rates from Ireland Fedex Priort'!G50),_xlfn.CEILING.MATH('Rates from Ireland Fedex Priort'!G50,1)+IF($A51="EU",Variables!$B$6,Variables!$B$3),'Rates from Ireland Fedex Priort'!G50) -> 106 | H51: =IF(ISNUMBER('Rates from Ireland Fedex Priort'!H50),_xlfn.CEILING.MATH('Rates from Ireland Fedex Priort'!H50,1)+IF($A51="EU",Variables!$B$6,Variables!$B$3),'Rates from Ireland Fedex Priort'!H50) -> 134 | I51: =IF(ISNUMBER('Rates from Ireland Fedex Priort'!I50),_xlfn.CEILING.MATH('Rates from Ireland Fedex Priort'!I50,1)+IF($A51="EU",Variables!$B$6,Variables!$B$3),'Rates from Ireland Fedex Priort'!I50) -> 242 | J51: =IF(ISNUMBER('Rates from Ireland Fedex Priort'!J50),_xlfn.CEILING.MATH('Rates from Ireland Fedex Priort'!J50,1)+IF($A51="EU",Variables!$B$6,Variables!$B$3),'Rates from Ireland Fedex Priort'!J50) -> No service | K51: =IF(ISNUMBER('Rates from Ireland Fedex Priort'!K50),_xlfn.CEILING.MATH('Rates from Ireland Fedex Priort'!K50,1)+IF($A51="EU",Variables!$B$6,Variables!$B$3),'Rates from Ireland Fedex Priort'!K50) -> No service | L51: =IF(ISNUMBER('Rates from Ireland Fedex Priort'!L50),_xlfn.CEILING.MATH('Rates from Ireland Fedex Priort'!L50,1)+IF($A51="EU",Variables!$B$6,Variables!$B$3),'Rates from Ireland Fedex Priort'!L50) -> No service | ... N51: =IF(ISNUMBER('Rates from Ireland Fedex Priort'!N50),_xlfn.CEILING.MATH('Rates from Ireland Fedex Priort'!N50,1)+IF($A51="EU",Variables!$B$6,Variables!$B$3),'Rates from Ireland Fedex Priort'!N50) -> No service | O51: 2-4 Days | P51: 2-5 Days | Q51: 80 | R51: 4/5* | S51: FedEx Economy | T51: Economy
A52: =IF('Rates from Ireland Fedex Priort'!A51="","",'Rates from Ireland Fedex Priort'!A51) -> EU | B52: =IF('Rates from Ireland Fedex Priort'!B51="","",'Rates from Ireland Fedex Priort'!B51) -> Ireland | C52: =IF('Rates from Ireland Fedex Priort'!C51="","",'Rates from Ireland Fedex Priort'!C51) -> Costa Rica | D52: =IF(ISNUMBER('Rates from Ireland Fedex Priort'!D51),_xlfn.CEILING.MATH('Rates from Ireland Fedex Priort'!D51,1)+IF($A52="EU",Variables!$B$5,Variables!$B$2),'Rates from Ireland Fedex Priort'!D51) -> 68 | E52: =IF(ISNUMBER('Rates from Ireland Fedex Priort'!E51),_xlfn.CEILING.MATH('Rates from Ireland Fedex Priort'!E51,1)+IF($A52="EU",Variables!$B$6,Variables!$B$3),'Rates from Ireland Fedex Priort'!E51) -> 77 | F52: =IF(ISNUMBER('Rates from Ireland Fedex Priort'!F51),_xlfn.CEILING.MATH('Rates from Ireland Fedex Priort'!F51,1)+IF($A52="EU",Variables!$B$6,Variables!$B$3),'Rates from Ireland Fedex Priort'!F51) -> 81 | G52: =IF(ISNUMBER('Rates from Ireland Fedex Priort'!G51),_xlfn.CEILING.MATH('Rates from Ireland Fedex Priort'!G51,1)+IF($A52="EU",Variables!$B$6,Variables!$B$3),'Rates from Ireland Fedex Priort'!G51) -> 96 | H52: =IF(ISNUMBER('Rates from Ireland Fedex Priort'!H51),_xlfn.CEILING.MATH('Rates from Ireland Fedex Priort'!H51,1)+IF($A52="EU",Variables!$B$6,Variables!$B$3),'Rates from Ireland Fedex Priort'!H51) -> 117 | I52: =IF(ISNUMBER('Rates from Ireland Fedex Priort'!I51),_xlfn.CEILING.MATH('Rates from Ireland Fedex Priort'!I51,1)+IF($A52="EU",Variables!$B$6,Variables!$B$3),'Rates from Ireland Fedex Priort'!I51) -> 219 | J52: =IF(ISNUMBER('Rates from Ireland Fedex Priort'!J51),_xlfn.CEILING.MATH('Rates from Ireland Fedex Priort'!J51,1)+IF($A52="EU",Variables!$B$6,Variables!$B$3),'Rates from Ireland Fedex Priort'!J51) -> No service | K52: =IF(ISNUMBER('Rates from Ireland Fedex Priort'!K51),_xlfn.CEILING.MATH('Rates from Ireland Fedex Priort'!K51,1)+IF($A52="EU",Variables!$B$6,Variables!$B$3),'Rates from Ireland Fedex Priort'!K51) -> No service | L52: =IF(ISNUMBER('Rates from Ireland Fedex Priort'!L51),_xlfn.CEILING.MATH('Rates from Ireland Fedex Priort'!L51,1)+IF($A52="EU",Variables!$B$6,Variables!$B$3),'Rates from Ireland Fedex Priort'!L51) -> No service | ... N52: =IF(ISNUMBER('Rates from Ireland Fedex Priort'!N51),_xlfn.CEILING.MATH('Rates from Ireland Fedex Priort'!N51,1)+IF($A52="EU",Variables!$B$6,Variables!$B$3),'Rates from Ireland Fedex Priort'!N51) -> No service | O52: 5 Days | P52: 8 Days | Q52: 80 | R52: 4/5* | S52: FedEx Economy | T52: Economy
A53: =IF('Rates from Ireland Fedex Priort'!A52="","",'Rates from Ireland Fedex Priort'!A52) -> EU | B53: =IF('Rates from Ireland Fedex Priort'!B52="","",'Rates from Ireland Fedex Priort'!B52) -> Ireland | C53: =IF('Rates from Ireland Fedex Priort'!C52="","",'Rates from Ireland Fedex Priort'!C52) -> Croatia | D53: =IF(ISNUMBER('Rates from Ireland Fedex Priort'!D52),_xlfn.CEILING.MATH('Rates from Ireland Fedex Priort'!D52,1)+IF($A53="EU",Variables!$B$5,Variables!$B$2),'Rates from Ireland Fedex Priort'!D52) -> 68 | E53: =IF(ISNUMBER('Rates from Ireland Fedex Priort'!E52),_xlfn.CEILING.MATH('Rates from Ireland Fedex Priort'!E52,1)+IF($A53="EU",Variables!$B$6,Variables!$B$3),'Rates from Ireland Fedex Priort'!E52) -> 74 | F53: =IF(ISNUMBER('Rates from Ireland Fedex Priort'!F52),_xlfn.CEILING.MATH('Rates from Ireland Fedex Priort'!F52,1)+IF($A53="EU",Variables!$B$6,Variables!$B$3),'Rates from Ireland Fedex Priort'!F52) -> 77 | G53: =IF(ISNUMBER('Rates from Ireland Fedex Priort'!G52),_xlfn.CEILING.MATH('Rates from Ireland Fedex Priort'!G52,1)+IF($A53="EU",Variables!$B$6,Variables!$B$3),'Rates from Ireland Fedex Priort'!G52) -> 79 | H53: =IF(ISNUMBER('Rates from Ireland Fedex Priort'!H52),_xlfn.CEILING.MATH('Rates from Ireland Fedex Priort'!H52,1)+IF($A53="EU",Variables!$B$6,Variables!$B$3),'Rates from Ireland Fedex Priort'!H52) -> 82 | I53: =IF(ISNUMBER('Rates from Ireland Fedex Priort'!I52),_xlfn.CEILING.MATH('Rates from Ireland Fedex Priort'!I52,1)+IF($A53="EU",Variables!$B$6,Variables!$B$3),'Rates from Ireland Fedex Priort'!I52) -> 95 | J53: =IF(ISNUMBER('Rates from Ireland Fedex Priort'!J52),_xlfn.CEILING.MATH('Rates from Ireland Fedex Priort'!J52,1)+IF($A53="EU",Variables!$B$6,Variables!$B$3),'Rates from Ireland Fedex Priort'!J52) -> 103 | K53: =IF(ISNUMBER('Rates from Ireland Fedex Priort'!K52),_xlfn.CEILING.MATH('Rates from Ireland Fedex Priort'!K52,1)+IF($A53="EU",Variables!$B$6,Variables!$B$3),'Rates from Ireland Fedex Priort'!K52) -> 112 | L53: =IF(ISNUMBER('Rates from Ireland Fedex Priort'!L52),_xlfn.CEILING.MATH('Rates from Ireland Fedex Priort'!L52,1)+IF($A53="EU",Variables!$B$6,Variables!$B$3),'Rates from Ireland Fedex Priort'!L52) -> 139 | ... N53: =IF(ISNUMBER('Rates from Ireland Fedex Priort'!N52),_xlfn.CEILING.MATH('Rates from Ireland Fedex Priort'!N52,1)+IF($A53="EU",Variables!$B$6,Variables!$B$3),'Rates from Ireland Fedex Priort'!N52) -> 152 | O53: 4 Days | P53: 12 Days | Q53: 80 | R53: 4/5* | S53: FedEx Economy | T53: Economy
A54: =IF('Rates from Ireland Fedex Priort'!A53="","",'Rates from Ireland Fedex Priort'!A53) -> EU | B54: =IF('Rates from Ireland Fedex Priort'!B53="","",'Rates from Ireland Fedex Priort'!B53) -> Ireland | C54: =IF('Rates from Ireland Fedex Priort'!C53="","",'Rates from Ireland Fedex Priort'!C53) -> Cuba | D54: =IF(ISNUMBER('Rates from Ireland Fedex Priort'!D53),_xlfn.CEILING.MATH('Rates from Ireland Fedex Priort'!D53,1)+IF($A54="EU",Variables!$B$5,Variables!$B$2),'Rates from Ireland Fedex Priort'!D53) -> No service | E54: =IF(ISNUMBER('Rates from Ireland Fedex Priort'!E53),_xlfn.CEILING.MATH('Rates from Ireland Fedex Priort'!E53,1)+IF($A54="EU",Variables!$B$6,Variables!$B$3),'Rates from Ireland Fedex Priort'!E53) -> No service | F54: =IF(ISNUMBER('Rates from Ireland Fedex Priort'!F53),_xlfn.CEILING.MATH('Rates from Ireland Fedex Priort'!F53,1)+IF($A54="EU",Variables!$B$6,Variables!$B$3),'Rates from Ireland Fedex Priort'!F53) -> No service | G54: =IF(ISNUMBER('Rates from Ireland Fedex Priort'!G53),_xlfn.CEILING.MATH('Rates from Ireland Fedex Priort'!G53,1)+IF($A54="EU",Variables!$B$6,Variables!$B$3),'Rates from Ireland Fedex Priort'!G53) -> No service | H54: =IF(ISNUMBER('Rates from Ireland Fedex Priort'!H53),_xlfn.CEILING.MATH('Rates from Ireland Fedex Priort'!H53,1)+IF($A54="EU",Variables!$B$6,Variables!$B$3),'Rates from Ireland Fedex Priort'!H53) -> No service | I54: =IF(ISNUMBER('Rates from Ireland Fedex Priort'!I53),_xlfn.CEILING.MATH('Rates from Ireland Fedex Priort'!I53,1)+IF($A54="EU",Variables!$B$6,Variables!$B$3),'Rates from Ireland Fedex Priort'!I53) -> No service | J54: =IF(ISNUMBER('Rates from Ireland Fedex Priort'!J53),_xlfn.CEILING.MATH('Rates from Ireland Fedex Priort'!J53,1)+IF($A54="EU",Variables!$B$6,Variables!$B$3),'Rates from Ireland Fedex Priort'!J53) -> No service | K54: =IF(ISNUMBER('Rates from Ireland Fedex Priort'!K53),_xlfn.CEILING.MATH('Rates from Ireland Fedex Priort'!K53,1)+IF($A54="EU",Variables!$B$6,Variables!$B$3),'Rates from Ireland Fedex Priort'!K53) -> No service | L54: =IF(ISNUMBER('Rates from Ireland Fedex Priort'!L53),_xlfn.CEILING.MATH('Rates from Ireland Fedex Priort'!L53,1)+IF($A54="EU",Variables!$B$6,Variables!$B$3),'Rates from Ireland Fedex Priort'!L53) -> No service | ... N54: =IF(ISNUMBER('Rates from Ireland Fedex Priort'!N53),_xlfn.CEILING.MATH('Rates from Ireland Fedex Priort'!N53,1)+IF($A54="EU",Variables!$B$6,Variables!$B$3),'Rates from Ireland Fedex Priort'!N53) -> No service | S54: FedEx Economy | T54: Economy
A55: =IF('Rates from Ireland Fedex Priort'!A54="","",'Rates from Ireland Fedex Priort'!A54) -> EU | B55: =IF('Rates from Ireland Fedex Priort'!B54="","",'Rates from Ireland Fedex Priort'!B54) -> Ireland | C55: =IF('Rates from Ireland Fedex Priort'!C54="","",'Rates from Ireland Fedex Priort'!C54) -> Curacao | D55: =IF(ISNUMBER('Rates from Ireland Fedex Priort'!D54),_xlfn.CEILING.MATH('Rates from Ireland Fedex Priort'!D54,1)+IF($A55="EU",Variables!$B$5,Variables!$B$2),'Rates from Ireland Fedex Priort'!D54) -> 68 | E55: =IF(ISNUMBER('Rates from Ireland Fedex Priort'!E54),_xlfn.CEILING.MATH('Rates from Ireland Fedex Priort'!E54,1)+IF($A55="EU",Variables!$B$6,Variables!$B$3),'Rates from Ireland Fedex Priort'!E54) -> 77 | F55: =IF(ISNUMBER('Rates from Ireland Fedex Priort'!F54),_xlfn.CEILING.MATH('Rates from Ireland Fedex Priort'!F54,1)+IF($A55="EU",Variables!$B$6,Variables!$B$3),'Rates from Ireland Fedex Priort'!F54) -> 81 | G55: =IF(ISNUMBER('Rates from Ireland Fedex Priort'!G54),_xlfn.CEILING.MATH('Rates from Ireland Fedex Priort'!G54,1)+IF($A55="EU",Variables!$B$6,Variables!$B$3),'Rates from Ireland Fedex Priort'!G54) -> 96 | H55: =IF(ISNUMBER('Rates from Ireland Fedex Priort'!H54),_xlfn.CEILING.MATH('Rates from Ireland Fedex Priort'!H54,1)+IF($A55="EU",Variables!$B$6,Variables!$B$3),'Rates from Ireland Fedex Priort'!H54) -> 117 | I55: =IF(ISNUMBER('Rates from Ireland Fedex Priort'!I54),_xlfn.CEILING.MATH('Rates from Ireland Fedex Priort'!I54,1)+IF($A55="EU",Variables!$B$6,Variables!$B$3),'Rates from Ireland Fedex Priort'!I54) -> 219 | J55: =IF(ISNUMBER('Rates from Ireland Fedex Priort'!J54),_xlfn.CEILING.MATH('Rates from Ireland Fedex Priort'!J54,1)+IF($A55="EU",Variables!$B$6,Variables!$B$3),'Rates from Ireland Fedex Priort'!J54) -> No service | K55: =IF(ISNUMBER('Rates from Ireland Fedex Priort'!K54),_xlfn.CEILING.MATH('Rates from Ireland Fedex Priort'!K54,1)+IF($A55="EU",Variables!$B$6,Variables!$B$3),'Rates from Ireland Fedex Priort'!K54) -> No service | L55: =IF(ISNUMBER('Rates from Ireland Fedex Priort'!L54),_xlfn.CEILING.MATH('Rates from Ireland Fedex Priort'!L54,1)+IF($A55="EU",Variables!$B$6,Variables!$B$3),'Rates from Ireland Fedex Priort'!L54) -> No service | ... N55: =IF(ISNUMBER('Rates from Ireland Fedex Priort'!N54),_xlfn.CEILING.MATH('Rates from Ireland Fedex Priort'!N54,1)+IF($A55="EU",Variables!$B$6,Variables!$B$3),'Rates from Ireland Fedex Priort'!N54) -> No service | O55: 5 Days | P55: 8 Days | Q55: 80 | R55: 4/5* | S55: FedEx Economy | T55: Economy
A56: =IF('Rates from Ireland Fedex Priort'!A55="","",'Rates from Ireland Fedex Priort'!A55) -> EU | B56: =IF('Rates from Ireland Fedex Priort'!B55="","",'Rates from Ireland Fedex Priort'!B55) -> Ireland | C56: =IF('Rates from Ireland Fedex Priort'!C55="","",'Rates from Ireland Fedex Priort'!C55) -> Cyprus | D56: =IF(ISNUMBER('Rates from Ireland Fedex Priort'!D55),_xlfn.CEILING.MATH('Rates from Ireland Fedex Priort'!D55,1)+IF($A56="EU",Variables!$B$5,Variables!$B$2),'Rates from Ireland Fedex Priort'!D55) -> 85 | E56: =IF(ISNUMBER('Rates from Ireland Fedex Priort'!E55),_xlfn.CEILING.MATH('Rates from Ireland Fedex Priort'!E55,1)+IF($A56="EU",Variables!$B$6,Variables!$B$3),'Rates from Ireland Fedex Priort'!E55) -> 95 | F56: =IF(ISNUMBER('Rates from Ireland Fedex Priort'!F55),_xlfn.CEILING.MATH('Rates from Ireland Fedex Priort'!F55,1)+IF($A56="EU",Variables!$B$6,Variables!$B$3),'Rates from Ireland Fedex Priort'!F55) -> 95 | G56: =IF(ISNUMBER('Rates from Ireland Fedex Priort'!G55),_xlfn.CEILING.MATH('Rates from Ireland Fedex Priort'!G55,1)+IF($A56="EU",Variables!$B$6,Variables!$B$3),'Rates from Ireland Fedex Priort'!G55) -> 102 | H56: =IF(ISNUMBER('Rates from Ireland Fedex Priort'!H55),_xlfn.CEILING.MATH('Rates from Ireland Fedex Priort'!H55,1)+IF($A56="EU",Variables!$B$6,Variables!$B$3),'Rates from Ireland Fedex Priort'!H55) -> 109 | I56: =IF(ISNUMBER('Rates from Ireland Fedex Priort'!I55),_xlfn.CEILING.MATH('Rates from Ireland Fedex Priort'!I55,1)+IF($A56="EU",Variables!$B$6,Variables!$B$3),'Rates from Ireland Fedex Priort'!I55) -> 123 | J56: =IF(ISNUMBER('Rates from Ireland Fedex Priort'!J55),_xlfn.CEILING.MATH('Rates from Ireland Fedex Priort'!J55,1)+IF($A56="EU",Variables!$B$6,Variables!$B$3),'Rates from Ireland Fedex Priort'!J55) -> 135 | K56: =IF(ISNUMBER('Rates from Ireland Fedex Priort'!K55),_xlfn.CEILING.MATH('Rates from Ireland Fedex Priort'!K55,1)+IF($A56="EU",Variables!$B$6,Variables!$B$3),'Rates from Ireland Fedex Priort'!K55) -> 147 | L56: =IF(ISNUMBER('Rates from Ireland Fedex Priort'!L55),_xlfn.CEILING.MATH('Rates from Ireland Fedex Priort'!L55,1)+IF($A56="EU",Variables!$B$6,Variables!$B$3),'Rates from Ireland Fedex Priort'!L55) -> 177 | ... N56: =IF(ISNUMBER('Rates from Ireland Fedex Priort'!N55),_xlfn.CEILING.MATH('Rates from Ireland Fedex Priort'!N55,1)+IF($A56="EU",Variables!$B$6,Variables!$B$3),'Rates from Ireland Fedex Priort'!N55) -> 209 | O56: 4 Days | P56: 6-9 Days | Q56: 80 | R56: 4/5* | S56: FedEx Economy | T56: Economy
A57: =IF('Rates from Ireland Fedex Priort'!A56="","",'Rates from Ireland Fedex Priort'!A56) -> EU | B57: =IF('Rates from Ireland Fedex Priort'!B56="","",'Rates from Ireland Fedex Priort'!B56) -> Ireland | C57: =IF('Rates from Ireland Fedex Priort'!C56="","",'Rates from Ireland Fedex Priort'!C56) -> Czech Republic | D57: =IF(ISNUMBER('Rates from Ireland Fedex Priort'!D56),_xlfn.CEILING.MATH('Rates from Ireland Fedex Priort'!D56,1)+IF($A57="EU",Variables!$B$5,Variables!$B$2),'Rates from Ireland Fedex Priort'!D56) -> 68 | E57: =IF(ISNUMBER('Rates from Ireland Fedex Priort'!E56),_xlfn.CEILING.MATH('Rates from Ireland Fedex Priort'!E56,1)+IF($A57="EU",Variables!$B$6,Variables!$B$3),'Rates from Ireland Fedex Priort'!E56) -> 74 | F57: =IF(ISNUMBER('Rates from Ireland Fedex Priort'!F56),_xlfn.CEILING.MATH('Rates from Ireland Fedex Priort'!F56,1)+IF($A57="EU",Variables!$B$6,Variables!$B$3),'Rates from Ireland Fedex Priort'!F56) -> 77 | G57: =IF(ISNUMBER('Rates from Ireland Fedex Priort'!G56),_xlfn.CEILING.MATH('Rates from Ireland Fedex Priort'!G56,1)+IF($A57="EU",Variables!$B$6,Variables!$B$3),'Rates from Ireland Fedex Priort'!G56) -> 79 | H57: =IF(ISNUMBER('Rates from Ireland Fedex Priort'!H56),_xlfn.CEILING.MATH('Rates from Ireland Fedex Priort'!H56,1)+IF($A57="EU",Variables!$B$6,Variables!$B$3),'Rates from Ireland Fedex Priort'!H56) -> 82 | I57: =IF(ISNUMBER('Rates from Ireland Fedex Priort'!I56),_xlfn.CEILING.MATH('Rates from Ireland Fedex Priort'!I56,1)+IF($A57="EU",Variables!$B$6,Variables!$B$3),'Rates from Ireland Fedex Priort'!I56) -> 95 | J57: =IF(ISNUMBER('Rates from Ireland Fedex Priort'!J56),_xlfn.CEILING.MATH('Rates from Ireland Fedex Priort'!J56,1)+IF($A57="EU",Variables!$B$6,Variables!$B$3),'Rates from Ireland Fedex Priort'!J56) -> 103 | K57: =IF(ISNUMBER('Rates from Ireland Fedex Priort'!K56),_xlfn.CEILING.MATH('Rates from Ireland Fedex Priort'!K56,1)+IF($A57="EU",Variables!$B$6,Variables!$B$3),'Rates from Ireland Fedex Priort'!K56) -> 112 | L57: =IF(ISNUMBER('Rates from Ireland Fedex Priort'!L56),_xlfn.CEILING.MATH('Rates from Ireland Fedex Priort'!L56,1)+IF($A57="EU",Variables!$B$6,Variables!$B$3),'Rates from Ireland Fedex Priort'!L56) -> 114 | ... N57: =IF(ISNUMBER('Rates from Ireland Fedex Priort'!N56),_xlfn.CEILING.MATH('Rates from Ireland Fedex Priort'!N56,1)+IF($A57="EU",Variables!$B$6,Variables!$B$3),'Rates from Ireland Fedex Priort'!N56) -> 127 | O57: 4 Days | P57: 12 Days | Q57: 80 | R57: 4/5* | S57: FedEx Economy | T57: Economy
A58: =IF('Rates from Ireland Fedex Priort'!A57="","",'Rates from Ireland Fedex Priort'!A57) -> EU | B58: =IF('Rates from Ireland Fedex Priort'!B57="","",'Rates from Ireland Fedex Priort'!B57) -> Ireland | C58: =IF('Rates from Ireland Fedex Priort'!C57="","",'Rates from Ireland Fedex Priort'!C57) -> Denmark | D58: =IF(ISNUMBER('Rates from Ireland Fedex Priort'!D57),_xlfn.CEILING.MATH('Rates from Ireland Fedex Priort'!D57,1)+IF($A58="EU",Variables!$B$5,Variables!$B$2),'Rates from Ireland Fedex Priort'!D57) -> 62 | E58: =IF(ISNUMBER('Rates from Ireland Fedex Priort'!E57),_xlfn.CEILING.MATH('Rates from Ireland Fedex Priort'!E57,1)+IF($A58="EU",Variables!$B$6,Variables!$B$3),'Rates from Ireland Fedex Priort'!E57) -> 65 | F58: =IF(ISNUMBER('Rates from Ireland Fedex Priort'!F57),_xlfn.CEILING.MATH('Rates from Ireland Fedex Priort'!F57,1)+IF($A58="EU",Variables!$B$6,Variables!$B$3),'Rates from Ireland Fedex Priort'!F57) -> 65 | G58: =IF(ISNUMBER('Rates from Ireland Fedex Priort'!G57),_xlfn.CEILING.MATH('Rates from Ireland Fedex Priort'!G57,1)+IF($A58="EU",Variables!$B$6,Variables!$B$3),'Rates from Ireland Fedex Priort'!G57) -> 68 | H58: =IF(ISNUMBER('Rates from Ireland Fedex Priort'!H57),_xlfn.CEILING.MATH('Rates from Ireland Fedex Priort'!H57,1)+IF($A58="EU",Variables!$B$6,Variables!$B$3),'Rates from Ireland Fedex Priort'!H57) -> 74 | I58: =IF(ISNUMBER('Rates from Ireland Fedex Priort'!I57),_xlfn.CEILING.MATH('Rates from Ireland Fedex Priort'!I57,1)+IF($A58="EU",Variables!$B$6,Variables!$B$3),'Rates from Ireland Fedex Priort'!I57) -> 81 | J58: =IF(ISNUMBER('Rates from Ireland Fedex Priort'!J57),_xlfn.CEILING.MATH('Rates from Ireland Fedex Priort'!J57,1)+IF($A58="EU",Variables!$B$6,Variables!$B$3),'Rates from Ireland Fedex Priort'!J57) -> 87 | K58: =IF(ISNUMBER('Rates from Ireland Fedex Priort'!K57),_xlfn.CEILING.MATH('Rates from Ireland Fedex Priort'!K57,1)+IF($A58="EU",Variables!$B$6,Variables!$B$3),'Rates from Ireland Fedex Priort'!K57) -> 93 | L58: =IF(ISNUMBER('Rates from Ireland Fedex Priort'!L57),_xlfn.CEILING.MATH('Rates from Ireland Fedex Priort'!L57,1)+IF($A58="EU",Variables!$B$6,Variables!$B$3),'Rates from Ireland Fedex Priort'!L57) -> 99 | ... N58: =IF(ISNUMBER('Rates from Ireland Fedex Priort'!N57),_xlfn.CEILING.MATH('Rates from Ireland Fedex Priort'!N57,1)+IF($A58="EU",Variables!$B$6,Variables!$B$3),'Rates from Ireland Fedex Priort'!N57) -> 127 | O58: 3 Days | P58: 6 Days | Q58: 80 | R58: 4/5* | S58: FedEx Economy | T58: Economy
A59: =IF('Rates from Ireland Fedex Priort'!A58="","",'Rates from Ireland Fedex Priort'!A58) -> EU | B59: =IF('Rates from Ireland Fedex Priort'!B58="","",'Rates from Ireland Fedex Priort'!B58) -> Ireland | C59: =IF('Rates from Ireland Fedex Priort'!C58="","",'Rates from Ireland Fedex Priort'!C58) -> Djibouti | D59: =IF(ISNUMBER('Rates from Ireland Fedex Priort'!D58),_xlfn.CEILING.MATH('Rates from Ireland Fedex Priort'!D58,1)+IF($A59="EU",Variables!$B$5,Variables!$B$2),'Rates from Ireland Fedex Priort'!D58) -> 72 | E59: =IF(ISNUMBER('Rates from Ireland Fedex Priort'!E58),_xlfn.CEILING.MATH('Rates from Ireland Fedex Priort'!E58,1)+IF($A59="EU",Variables!$B$6,Variables!$B$3),'Rates from Ireland Fedex Priort'!E58) -> 83 | F59: =IF(ISNUMBER('Rates from Ireland Fedex Priort'!F58),_xlfn.CEILING.MATH('Rates from Ireland Fedex Priort'!F58,1)+IF($A59="EU",Variables!$B$6,Variables!$B$3),'Rates from Ireland Fedex Priort'!F58) -> 88 | G59: =IF(ISNUMBER('Rates from Ireland Fedex Priort'!G58),_xlfn.CEILING.MATH('Rates from Ireland Fedex Priort'!G58,1)+IF($A59="EU",Variables!$B$6,Variables!$B$3),'Rates from Ireland Fedex Priort'!G58) -> 106 | H59: =IF(ISNUMBER('Rates from Ireland Fedex Priort'!H58),_xlfn.CEILING.MATH('Rates from Ireland Fedex Priort'!H58,1)+IF($A59="EU",Variables!$B$6,Variables!$B$3),'Rates from Ireland Fedex Priort'!H58) -> 134 | I59: =IF(ISNUMBER('Rates from Ireland Fedex Priort'!I58),_xlfn.CEILING.MATH('Rates from Ireland Fedex Priort'!I58,1)+IF($A59="EU",Variables!$B$6,Variables!$B$3),'Rates from Ireland Fedex Priort'!I58) -> 242 | J59: =IF(ISNUMBER('Rates from Ireland Fedex Priort'!J58),_xlfn.CEILING.MATH('Rates from Ireland Fedex Priort'!J58,1)+IF($A59="EU",Variables!$B$6,Variables!$B$3),'Rates from Ireland Fedex Priort'!J58) -> No service | K59: =IF(ISNUMBER('Rates from Ireland Fedex Priort'!K58),_xlfn.CEILING.MATH('Rates from Ireland Fedex Priort'!K58,1)+IF($A59="EU",Variables!$B$6,Variables!$B$3),'Rates from Ireland Fedex Priort'!K58) -> No service | L59: =IF(ISNUMBER('Rates from Ireland Fedex Priort'!L58),_xlfn.CEILING.MATH('Rates from Ireland Fedex Priort'!L58,1)+IF($A59="EU",Variables!$B$6,Variables!$B$3),'Rates from Ireland Fedex Priort'!L58) -> No service | ... N59: =IF(ISNUMBER('Rates from Ireland Fedex Priort'!N58),_xlfn.CEILING.MATH('Rates from Ireland Fedex Priort'!N58,1)+IF($A59="EU",Variables!$B$6,Variables!$B$3),'Rates from Ireland Fedex Priort'!N58) -> No service | O59: 2-4 Days | P59: 2-5 Days | Q59: 80 | R59: 4/5* | S59: FedEx Economy | T59: Economy
A60: =IF('Rates from Ireland Fedex Priort'!A59="","",'Rates from Ireland Fedex Priort'!A59) -> EU | B60: =IF('Rates from Ireland Fedex Priort'!B59="","",'Rates from Ireland Fedex Priort'!B59) -> Ireland | C60: =IF('Rates from Ireland Fedex Priort'!C59="","",'Rates from Ireland Fedex Priort'!C59) -> Dominica | D60: =IF(ISNUMBER('Rates from Ireland Fedex Priort'!D59),_xlfn.CEILING.MATH('Rates from Ireland Fedex Priort'!D59,1)+IF($A60="EU",Variables!$B$5,Variables!$B$2),'Rates from Ireland Fedex Priort'!D59) -> 68 | E60: =IF(ISNUMBER('Rates from Ireland Fedex Priort'!E59),_xlfn.CEILING.MATH('Rates from Ireland Fedex Priort'!E59,1)+IF($A60="EU",Variables!$B$6,Variables!$B$3),'Rates from Ireland Fedex Priort'!E59) -> 77 | F60: =IF(ISNUMBER('Rates from Ireland Fedex Priort'!F59),_xlfn.CEILING.MATH('Rates from Ireland Fedex Priort'!F59,1)+IF($A60="EU",Variables!$B$6,Variables!$B$3),'Rates from Ireland Fedex Priort'!F59) -> 81 | G60: =IF(ISNUMBER('Rates from Ireland Fedex Priort'!G59),_xlfn.CEILING.MATH('Rates from Ireland Fedex Priort'!G59,1)+IF($A60="EU",Variables!$B$6,Variables!$B$3),'Rates from Ireland Fedex Priort'!G59) -> 96 | H60: =IF(ISNUMBER('Rates from Ireland Fedex Priort'!H59),_xlfn.CEILING.MATH('Rates from Ireland Fedex Priort'!H59,1)+IF($A60="EU",Variables!$B$6,Variables!$B$3),'Rates from Ireland Fedex Priort'!H59) -> 117 | I60: =IF(ISNUMBER('Rates from Ireland Fedex Priort'!I59),_xlfn.CEILING.MATH('Rates from Ireland Fedex Priort'!I59,1)+IF($A60="EU",Variables!$B$6,Variables!$B$3),'Rates from Ireland Fedex Priort'!I59) -> 219 | J60: =IF(ISNUMBER('Rates from Ireland Fedex Priort'!J59),_xlfn.CEILING.MATH('Rates from Ireland Fedex Priort'!J59,1)+IF($A60="EU",Variables!$B$6,Variables!$B$3),'Rates from Ireland Fedex Priort'!J59) -> No service | K60: =IF(ISNUMBER('Rates from Ireland Fedex Priort'!K59),_xlfn.CEILING.MATH('Rates from Ireland Fedex Priort'!K59,1)+IF($A60="EU",Variables!$B$6,Variables!$B$3),'Rates from Ireland Fedex Priort'!K59) -> No service | L60: =IF(ISNUMBER('Rates from Ireland Fedex Priort'!L59),_xlfn.CEILING.MATH('Rates from Ireland Fedex Priort'!L59,1)+IF($A60="EU",Variables!$B$6,Variables!$B$3),'Rates from Ireland Fedex Priort'!L59) -> No service | ... N60: =IF(ISNUMBER('Rates from Ireland Fedex Priort'!N59),_xlfn.CEILING.MATH('Rates from Ireland Fedex Priort'!N59,1)+IF($A60="EU",Variables!$B$6,Variables!$B$3),'Rates from Ireland Fedex Priort'!N59) -> No service | O60: 5 Days | P60: 8 Days | Q60: 80 | R60: 4/5* | S60: FedEx Economy | T60: Economy
A61: =IF('Rates from Ireland Fedex Priort'!A60="","",'Rates from Ireland Fedex Priort'!A60) -> EU | B61: =IF('Rates from Ireland Fedex Priort'!B60="","",'Rates from Ireland Fedex Priort'!B60) -> Ireland | C61: =IF('Rates from Ireland Fedex Priort'!C60="","",'Rates from Ireland Fedex Priort'!C60) -> Dominican Republic | D61: =IF(ISNUMBER('Rates from Ireland Fedex Priort'!D60),_xlfn.CEILING.MATH('Rates from Ireland Fedex Priort'!D60,1)+IF($A61="EU",Variables!$B$5,Variables!$B$2),'Rates from Ireland Fedex Priort'!D60) -> 68 | E61: =IF(ISNUMBER('Rates from Ireland Fedex Priort'!E60),_xlfn.CEILING.MATH('Rates from Ireland Fedex Priort'!E60,1)+IF($A61="EU",Variables!$B$6,Variables!$B$3),'Rates from Ireland Fedex Priort'!E60) -> 77 | F61: =IF(ISNUMBER('Rates from Ireland Fedex Priort'!F60),_xlfn.CEILING.MATH('Rates from Ireland Fedex Priort'!F60,1)+IF($A61="EU",Variables!$B$6,Variables!$B$3),'Rates from Ireland Fedex Priort'!F60) -> 81 | G61: =IF(ISNUMBER('Rates from Ireland Fedex Priort'!G60),_xlfn.CEILING.MATH('Rates from Ireland Fedex Priort'!G60,1)+IF($A61="EU",Variables!$B$6,Variables!$B$3),'Rates from Ireland Fedex Priort'!G60) -> 96 | H61: =IF(ISNUMBER('Rates from Ireland Fedex Priort'!H60),_xlfn.CEILING.MATH('Rates from Ireland Fedex Priort'!H60,1)+IF($A61="EU",Variables!$B$6,Variables!$B$3),'Rates from Ireland Fedex Priort'!H60) -> 117 | I61: =IF(ISNUMBER('Rates from Ireland Fedex Priort'!I60),_xlfn.CEILING.MATH('Rates from Ireland Fedex Priort'!I60,1)+IF($A61="EU",Variables!$B$6,Variables!$B$3),'Rates from Ireland Fedex Priort'!I60) -> 219 | J61: =IF(ISNUMBER('Rates from Ireland Fedex Priort'!J60),_xlfn.CEILING.MATH('Rates from Ireland Fedex Priort'!J60,1)+IF($A61="EU",Variables!$B$6,Variables!$B$3),'Rates from Ireland Fedex Priort'!J60) -> No service | K61: =IF(ISNUMBER('Rates from Ireland Fedex Priort'!K60),_xlfn.CEILING.MATH('Rates from Ireland Fedex Priort'!K60,1)+IF($A61="EU",Variables!$B$6,Variables!$B$3),'Rates from Ireland Fedex Priort'!K60) -> No service | L61: =IF(ISNUMBER('Rates from Ireland Fedex Priort'!L60),_xlfn.CEILING.MATH('Rates from Ireland Fedex Priort'!L60,1)+IF($A61="EU",Variables!$B$6,Variables!$B$3),'Rates from Ireland Fedex Priort'!L60) -> No service | ... N61: =IF(ISNUMBER('Rates from Ireland Fedex Priort'!N60),_xlfn.CEILING.MATH('Rates from Ireland Fedex Priort'!N60,1)+IF($A61="EU",Variables!$B$6,Variables!$B$3),'Rates from Ireland Fedex Priort'!N60) -> No service | O61: 5 Days | P61: 8 Days | Q61: 80 | R61: 4/5* | S61: FedEx Economy | T61: Economy
A62: =IF('Rates from Ireland Fedex Priort'!A61="","",'Rates from Ireland Fedex Priort'!A61) -> EU | B62: =IF('Rates from Ireland Fedex Priort'!B61="","",'Rates from Ireland Fedex Priort'!B61) -> Ireland | C62: =IF('Rates from Ireland Fedex Priort'!C61="","",'Rates from Ireland Fedex Priort'!C61) -> DR Congo | D62: =IF(ISNUMBER('Rates from Ireland Fedex Priort'!D61),_xlfn.CEILING.MATH('Rates from Ireland Fedex Priort'!D61,1)+IF($A62="EU",Variables!$B$5,Variables!$B$2),'Rates from Ireland Fedex Priort'!D61) -> 72 | E62: =IF(ISNUMBER('Rates from Ireland Fedex Priort'!E61),_xlfn.CEILING.MATH('Rates from Ireland Fedex Priort'!E61,1)+IF($A62="EU",Variables!$B$6,Variables!$B$3),'Rates from Ireland Fedex Priort'!E61) -> 83 | F62: =IF(ISNUMBER('Rates from Ireland Fedex Priort'!F61),_xlfn.CEILING.MATH('Rates from Ireland Fedex Priort'!F61,1)+IF($A62="EU",Variables!$B$6,Variables!$B$3),'Rates from Ireland Fedex Priort'!F61) -> 88 | G62: =IF(ISNUMBER('Rates from Ireland Fedex Priort'!G61),_xlfn.CEILING.MATH('Rates from Ireland Fedex Priort'!G61,1)+IF($A62="EU",Variables!$B$6,Variables!$B$3),'Rates from Ireland Fedex Priort'!G61) -> 106 | H62: =IF(ISNUMBER('Rates from Ireland Fedex Priort'!H61),_xlfn.CEILING.MATH('Rates from Ireland Fedex Priort'!H61,1)+IF($A62="EU",Variables!$B$6,Variables!$B$3),'Rates from Ireland Fedex Priort'!H61) -> 134 | I62: =IF(ISNUMBER('Rates from Ireland Fedex Priort'!I61),_xlfn.CEILING.MATH('Rates from Ireland Fedex Priort'!I61,1)+IF($A62="EU",Variables!$B$6,Variables!$B$3),'Rates from Ireland Fedex Priort'!I61) -> 242 | J62: =IF(ISNUMBER('Rates from Ireland Fedex Priort'!J61),_xlfn.CEILING.MATH('Rates from Ireland Fedex Priort'!J61,1)+IF($A62="EU",Variables!$B$6,Variables!$B$3),'Rates from Ireland Fedex Priort'!J61) -> No service | K62: =IF(ISNUMBER('Rates from Ireland Fedex Priort'!K61),_xlfn.CEILING.MATH('Rates from Ireland Fedex Priort'!K61,1)+IF($A62="EU",Variables!$B$6,Variables!$B$3),'Rates from Ireland Fedex Priort'!K61) -> No service | L62: =IF(ISNUMBER('Rates from Ireland Fedex Priort'!L61),_xlfn.CEILING.MATH('Rates from Ireland Fedex Priort'!L61,1)+IF($A62="EU",Variables!$B$6,Variables!$B$3),'Rates from Ireland Fedex Priort'!L61) -> No service | ... N62: =IF(ISNUMBER('Rates from Ireland Fedex Priort'!N61),_xlfn.CEILING.MATH('Rates from Ireland Fedex Priort'!N61,1)+IF($A62="EU",Variables!$B$6,Variables!$B$3),'Rates from Ireland Fedex Priort'!N61) -> No service | O62: 2-4 Days | P62: 2-5 Days | Q62: 80 | R62: 4/5* | S62: FedEx Economy | T62: Economy
A63: =IF('Rates from Ireland Fedex Priort'!A62="","",'Rates from Ireland Fedex Priort'!A62) -> EU | B63: =IF('Rates from Ireland Fedex Priort'!B62="","",'Rates from Ireland Fedex Priort'!B62) -> Ireland | C63: =IF('Rates from Ireland Fedex Priort'!C62="","",'Rates from Ireland Fedex Priort'!C62) -> East Timor | D63: =IF(ISNUMBER('Rates from Ireland Fedex Priort'!D62),_xlfn.CEILING.MATH('Rates from Ireland Fedex Priort'!D62,1)+IF($A63="EU",Variables!$B$5,Variables!$B$2),'Rates from Ireland Fedex Priort'!D62) -> No service | E63: =IF(ISNUMBER('Rates from Ireland Fedex Priort'!E62),_xlfn.CEILING.MATH('Rates from Ireland Fedex Priort'!E62,1)+IF($A63="EU",Variables!$B$6,Variables!$B$3),'Rates from Ireland Fedex Priort'!E62) -> No service | F63: =IF(ISNUMBER('Rates from Ireland Fedex Priort'!F62),_xlfn.CEILING.MATH('Rates from Ireland Fedex Priort'!F62,1)+IF($A63="EU",Variables!$B$6,Variables!$B$3),'Rates from Ireland Fedex Priort'!F62) -> No service | G63: =IF(ISNUMBER('Rates from Ireland Fedex Priort'!G62),_xlfn.CEILING.MATH('Rates from Ireland Fedex Priort'!G62,1)+IF($A63="EU",Variables!$B$6,Variables!$B$3),'Rates from Ireland Fedex Priort'!G62) -> No service | H63: =IF(ISNUMBER('Rates from Ireland Fedex Priort'!H62),_xlfn.CEILING.MATH('Rates from Ireland Fedex Priort'!H62,1)+IF($A63="EU",Variables!$B$6,Variables!$B$3),'Rates from Ireland Fedex Priort'!H62) -> No service | I63: =IF(ISNUMBER('Rates from Ireland Fedex Priort'!I62),_xlfn.CEILING.MATH('Rates from Ireland Fedex Priort'!I62,1)+IF($A63="EU",Variables!$B$6,Variables!$B$3),'Rates from Ireland Fedex Priort'!I62) -> No service | J63: =IF(ISNUMBER('Rates from Ireland Fedex Priort'!J62),_xlfn.CEILING.MATH('Rates from Ireland Fedex Priort'!J62,1)+IF($A63="EU",Variables!$B$6,Variables!$B$3),'Rates from Ireland Fedex Priort'!J62) -> No service | K63: =IF(ISNUMBER('Rates from Ireland Fedex Priort'!K62),_xlfn.CEILING.MATH('Rates from Ireland Fedex Priort'!K62,1)+IF($A63="EU",Variables!$B$6,Variables!$B$3),'Rates from Ireland Fedex Priort'!K62) -> No service | L63: =IF(ISNUMBER('Rates from Ireland Fedex Priort'!L62),_xlfn.CEILING.MATH('Rates from Ireland Fedex Priort'!L62,1)+IF($A63="EU",Variables!$B$6,Variables!$B$3),'Rates from Ireland Fedex Priort'!L62) -> No service | ... N63: =IF(ISNUMBER('Rates from Ireland Fedex Priort'!N62),_xlfn.CEILING.MATH('Rates from Ireland Fedex Priort'!N62,1)+IF($A63="EU",Variables!$B$6,Variables!$B$3),'Rates from Ireland Fedex Priort'!N62) -> No service | S63: FedEx Economy | T63: Economy
A64: =IF('Rates from Ireland Fedex Priort'!A63="","",'Rates from Ireland Fedex Priort'!A63) -> EU | B64: =IF('Rates from Ireland Fedex Priort'!B63="","",'Rates from Ireland Fedex Priort'!B63) -> Ireland | C64: =IF('Rates from Ireland Fedex Priort'!C63="","",'Rates from Ireland Fedex Priort'!C63) -> Ecuador | D64: =IF(ISNUMBER('Rates from Ireland Fedex Priort'!D63),_xlfn.CEILING.MATH('Rates from Ireland Fedex Priort'!D63,1)+IF($A64="EU",Variables!$B$5,Variables!$B$2),'Rates from Ireland Fedex Priort'!D63) -> No service | E64: =IF(ISNUMBER('Rates from Ireland Fedex Priort'!E63),_xlfn.CEILING.MATH('Rates from Ireland Fedex Priort'!E63,1)+IF($A64="EU",Variables!$B$6,Variables!$B$3),'Rates from Ireland Fedex Priort'!E63) -> No service | F64: =IF(ISNUMBER('Rates from Ireland Fedex Priort'!F63),_xlfn.CEILING.MATH('Rates from Ireland Fedex Priort'!F63,1)+IF($A64="EU",Variables!$B$6,Variables!$B$3),'Rates from Ireland Fedex Priort'!F63) -> No service | G64: =IF(ISNUMBER('Rates from Ireland Fedex Priort'!G63),_xlfn.CEILING.MATH('Rates from Ireland Fedex Priort'!G63,1)+IF($A64="EU",Variables!$B$6,Variables!$B$3),'Rates from Ireland Fedex Priort'!G63) -> No service | H64: =IF(ISNUMBER('Rates from Ireland Fedex Priort'!H63),_xlfn.CEILING.MATH('Rates from Ireland Fedex Priort'!H63,1)+IF($A64="EU",Variables!$B$6,Variables!$B$3),'Rates from Ireland Fedex Priort'!H63) -> No service | I64: =IF(ISNUMBER('Rates from Ireland Fedex Priort'!I63),_xlfn.CEILING.MATH('Rates from Ireland Fedex Priort'!I63,1)+IF($A64="EU",Variables!$B$6,Variables!$B$3),'Rates from Ireland Fedex Priort'!I63) -> No service | J64: =IF(ISNUMBER('Rates from Ireland Fedex Priort'!J63),_xlfn.CEILING.MATH('Rates from Ireland Fedex Priort'!J63,1)+IF($A64="EU",Variables!$B$6,Variables!$B$3),'Rates from Ireland Fedex Priort'!J63) -> No service | K64: =IF(ISNUMBER('Rates from Ireland Fedex Priort'!K63),_xlfn.CEILING.MATH('Rates from Ireland Fedex Priort'!K63,1)+IF($A64="EU",Variables!$B$6,Variables!$B$3),'Rates from Ireland Fedex Priort'!K63) -> No service | L64: =IF(ISNUMBER('Rates from Ireland Fedex Priort'!L63),_xlfn.CEILING.MATH('Rates from Ireland Fedex Priort'!L63,1)+IF($A64="EU",Variables!$B$6,Variables!$B$3),'Rates from Ireland Fedex Priort'!L63) -> No service | ... N64: =IF(ISNUMBER('Rates from Ireland Fedex Priort'!N63),_xlfn.CEILING.MATH('Rates from Ireland Fedex Priort'!N63,1)+IF($A64="EU",Variables!$B$6,Variables!$B$3),'Rates from Ireland Fedex Priort'!N63) -> No service | S64: FedEx Economy | T64: Economy
A65: =IF('Rates from Ireland Fedex Priort'!A64="","",'Rates from Ireland Fedex Priort'!A64) -> EU | B65: =IF('Rates from Ireland Fedex Priort'!B64="","",'Rates from Ireland Fedex Priort'!B64) -> Ireland | C65: =IF('Rates from Ireland Fedex Priort'!C64="","",'Rates from Ireland Fedex Priort'!C64) -> Egypt | D65: =IF(ISNUMBER('Rates from Ireland Fedex Priort'!D64),_xlfn.CEILING.MATH('Rates from Ireland Fedex Priort'!D64,1)+IF($A65="EU",Variables!$B$5,Variables!$B$2),'Rates from Ireland Fedex Priort'!D64) -> 62 | E65: =IF(ISNUMBER('Rates from Ireland Fedex Priort'!E64),_xlfn.CEILING.MATH('Rates from Ireland Fedex Priort'!E64,1)+IF($A65="EU",Variables!$B$6,Variables!$B$3),'Rates from Ireland Fedex Priort'!E64) -> 69 | F65: =IF(ISNUMBER('Rates from Ireland Fedex Priort'!F64),_xlfn.CEILING.MATH('Rates from Ireland Fedex Priort'!F64,1)+IF($A65="EU",Variables!$B$6,Variables!$B$3),'Rates from Ireland Fedex Priort'!F64) -> 72 | G65: =IF(ISNUMBER('Rates from Ireland Fedex Priort'!G64),_xlfn.CEILING.MATH('Rates from Ireland Fedex Priort'!G64,1)+IF($A65="EU",Variables!$B$6,Variables!$B$3),'Rates from Ireland Fedex Priort'!G64) -> 86 | H65: =IF(ISNUMBER('Rates from Ireland Fedex Priort'!H64),_xlfn.CEILING.MATH('Rates from Ireland Fedex Priort'!H64,1)+IF($A65="EU",Variables!$B$6,Variables!$B$3),'Rates from Ireland Fedex Priort'!H64) -> 111 | I65: =IF(ISNUMBER('Rates from Ireland Fedex Priort'!I64),_xlfn.CEILING.MATH('Rates from Ireland Fedex Priort'!I64,1)+IF($A65="EU",Variables!$B$6,Variables!$B$3),'Rates from Ireland Fedex Priort'!I64) -> 174 | J65: =IF(ISNUMBER('Rates from Ireland Fedex Priort'!J64),_xlfn.CEILING.MATH('Rates from Ireland Fedex Priort'!J64,1)+IF($A65="EU",Variables!$B$6,Variables!$B$3),'Rates from Ireland Fedex Priort'!J64) -> No service | K65: =IF(ISNUMBER('Rates from Ireland Fedex Priort'!K64),_xlfn.CEILING.MATH('Rates from Ireland Fedex Priort'!K64,1)+IF($A65="EU",Variables!$B$6,Variables!$B$3),'Rates from Ireland Fedex Priort'!K64) -> No service | L65: =IF(ISNUMBER('Rates from Ireland Fedex Priort'!L64),_xlfn.CEILING.MATH('Rates from Ireland Fedex Priort'!L64,1)+IF($A65="EU",Variables!$B$6,Variables!$B$3),'Rates from Ireland Fedex Priort'!L64) -> No service | ... N65: =IF(ISNUMBER('Rates from Ireland Fedex Priort'!N64),_xlfn.CEILING.MATH('Rates from Ireland Fedex Priort'!N64,1)+IF($A65="EU",Variables!$B$6,Variables!$B$3),'Rates from Ireland Fedex Priort'!N64) -> No service | O65: 3 Days | P65: 3-4 Days | Q65: 80 | R65: 4/5* | S65: FedEx Economy | T65: Economy
A66: =IF('Rates from Ireland Fedex Priort'!A65="","",'Rates from Ireland Fedex Priort'!A65) -> EU | B66: =IF('Rates from Ireland Fedex Priort'!B65="","",'Rates from Ireland Fedex Priort'!B65) -> Ireland | C66: =IF('Rates from Ireland Fedex Priort'!C65="","",'Rates from Ireland Fedex Priort'!C65) -> El Salvador | D66: =IF(ISNUMBER('Rates from Ireland Fedex Priort'!D65),_xlfn.CEILING.MATH('Rates from Ireland Fedex Priort'!D65,1)+IF($A66="EU",Variables!$B$5,Variables!$B$2),'Rates from Ireland Fedex Priort'!D65) -> 68 | E66: =IF(ISNUMBER('Rates from Ireland Fedex Priort'!E65),_xlfn.CEILING.MATH('Rates from Ireland Fedex Priort'!E65,1)+IF($A66="EU",Variables!$B$6,Variables!$B$3),'Rates from Ireland Fedex Priort'!E65) -> 77 | F66: =IF(ISNUMBER('Rates from Ireland Fedex Priort'!F65),_xlfn.CEILING.MATH('Rates from Ireland Fedex Priort'!F65,1)+IF($A66="EU",Variables!$B$6,Variables!$B$3),'Rates from Ireland Fedex Priort'!F65) -> 81 | G66: =IF(ISNUMBER('Rates from Ireland Fedex Priort'!G65),_xlfn.CEILING.MATH('Rates from Ireland Fedex Priort'!G65,1)+IF($A66="EU",Variables!$B$6,Variables!$B$3),'Rates from Ireland Fedex Priort'!G65) -> 96 | H66: =IF(ISNUMBER('Rates from Ireland Fedex Priort'!H65),_xlfn.CEILING.MATH('Rates from Ireland Fedex Priort'!H65,1)+IF($A66="EU",Variables!$B$6,Variables!$B$3),'Rates from Ireland Fedex Priort'!H65) -> 117 | I66: =IF(ISNUMBER('Rates from Ireland Fedex Priort'!I65),_xlfn.CEILING.MATH('Rates from Ireland Fedex Priort'!I65,1)+IF($A66="EU",Variables!$B$6,Variables!$B$3),'Rates from Ireland Fedex Priort'!I65) -> 219 | J66: =IF(ISNUMBER('Rates from Ireland Fedex Priort'!J65),_xlfn.CEILING.MATH('Rates from Ireland Fedex Priort'!J65,1)+IF($A66="EU",Variables!$B$6,Variables!$B$3),'Rates from Ireland Fedex Priort'!J65) -> No service | K66: =IF(ISNUMBER('Rates from Ireland Fedex Priort'!K65),_xlfn.CEILING.MATH('Rates from Ireland Fedex Priort'!K65,1)+IF($A66="EU",Variables!$B$6,Variables!$B$3),'Rates from Ireland Fedex Priort'!K65) -> No service | L66: =IF(ISNUMBER('Rates from Ireland Fedex Priort'!L65),_xlfn.CEILING.MATH('Rates from Ireland Fedex Priort'!L65,1)+IF($A66="EU",Variables!$B$6,Variables!$B$3),'Rates from Ireland Fedex Priort'!L65) -> No service | ... N66: =IF(ISNUMBER('Rates from Ireland Fedex Priort'!N65),_xlfn.CEILING.MATH('Rates from Ireland Fedex Priort'!N65,1)+IF($A66="EU",Variables!$B$6,Variables!$B$3),'Rates from Ireland Fedex Priort'!N65) -> No service | O66: 5 Days | P66: 8 Days | Q66: 80 | R66: 4/5* | S66: FedEx Economy | T66: Economy
A67: =IF('Rates from Ireland Fedex Priort'!A66="","",'Rates from Ireland Fedex Priort'!A66) -> EU | B67: =IF('Rates from Ireland Fedex Priort'!B66="","",'Rates from Ireland Fedex Priort'!B66) -> Ireland | C67: =IF('Rates from Ireland Fedex Priort'!C66="","",'Rates from Ireland Fedex Priort'!C66) -> Equatorial Guinea | D67: =IF(ISNUMBER('Rates from Ireland Fedex Priort'!D66),_xlfn.CEILING.MATH('Rates from Ireland Fedex Priort'!D66,1)+IF($A67="EU",Variables!$B$5,Variables!$B$2),'Rates from Ireland Fedex Priort'!D66) -> No service | E67: =IF(ISNUMBER('Rates from Ireland Fedex Priort'!E66),_xlfn.CEILING.MATH('Rates from Ireland Fedex Priort'!E66,1)+IF($A67="EU",Variables!$B$6,Variables!$B$3),'Rates from Ireland Fedex Priort'!E66) -> No service | F67: =IF(ISNUMBER('Rates from Ireland Fedex Priort'!F66),_xlfn.CEILING.MATH('Rates from Ireland Fedex Priort'!F66,1)+IF($A67="EU",Variables!$B$6,Variables!$B$3),'Rates from Ireland Fedex Priort'!F66) -> No service | G67: =IF(ISNUMBER('Rates from Ireland Fedex Priort'!G66),_xlfn.CEILING.MATH('Rates from Ireland Fedex Priort'!G66,1)+IF($A67="EU",Variables!$B$6,Variables!$B$3),'Rates from Ireland Fedex Priort'!G66) -> No service | H67: =IF(ISNUMBER('Rates from Ireland Fedex Priort'!H66),_xlfn.CEILING.MATH('Rates from Ireland Fedex Priort'!H66,1)+IF($A67="EU",Variables!$B$6,Variables!$B$3),'Rates from Ireland Fedex Priort'!H66) -> No service | I67: =IF(ISNUMBER('Rates from Ireland Fedex Priort'!I66),_xlfn.CEILING.MATH('Rates from Ireland Fedex Priort'!I66,1)+IF($A67="EU",Variables!$B$6,Variables!$B$3),'Rates from Ireland Fedex Priort'!I66) -> No service | J67: =IF(ISNUMBER('Rates from Ireland Fedex Priort'!J66),_xlfn.CEILING.MATH('Rates from Ireland Fedex Priort'!J66,1)+IF($A67="EU",Variables!$B$6,Variables!$B$3),'Rates from Ireland Fedex Priort'!J66) -> No service | K67: =IF(ISNUMBER('Rates from Ireland Fedex Priort'!K66),_xlfn.CEILING.MATH('Rates from Ireland Fedex Priort'!K66,1)+IF($A67="EU",Variables!$B$6,Variables!$B$3),'Rates from Ireland Fedex Priort'!K66) -> No service | L67: =IF(ISNUMBER('Rates from Ireland Fedex Priort'!L66),_xlfn.CEILING.MATH('Rates from Ireland Fedex Priort'!L66,1)+IF($A67="EU",Variables!$B$6,Variables!$B$3),'Rates from Ireland Fedex Priort'!L66) -> No service | ... N67: =IF(ISNUMBER('Rates from Ireland Fedex Priort'!N66),_xlfn.CEILING.MATH('Rates from Ireland Fedex Priort'!N66,1)+IF($A67="EU",Variables!$B$6,Variables!$B$3),'Rates from Ireland Fedex Priort'!N66) -> No service | S67: FedEx Economy | T67: Economy
A68: =IF('Rates from Ireland Fedex Priort'!A67="","",'Rates from Ireland Fedex Priort'!A67) -> EU | B68: =IF('Rates from Ireland Fedex Priort'!B67="","",'Rates from Ireland Fedex Priort'!B67) -> Ireland | C68: =IF('Rates from Ireland Fedex Priort'!C67="","",'Rates from Ireland Fedex Priort'!C67) -> Eritrea | D68: =IF(ISNUMBER('Rates from Ireland Fedex Priort'!D67),_xlfn.CEILING.MATH('Rates from Ireland Fedex Priort'!D67,1)+IF($A68="EU",Variables!$B$5,Variables!$B$2),'Rates from Ireland Fedex Priort'!D67) -> 72 | E68: =IF(ISNUMBER('Rates from Ireland Fedex Priort'!E67),_xlfn.CEILING.MATH('Rates from Ireland Fedex Priort'!E67,1)+IF($A68="EU",Variables!$B$6,Variables!$B$3),'Rates from Ireland Fedex Priort'!E67) -> 83 | F68: =IF(ISNUMBER('Rates from Ireland Fedex Priort'!F67),_xlfn.CEILING.MATH('Rates from Ireland Fedex Priort'!F67,1)+IF($A68="EU",Variables!$B$6,Variables!$B$3),'Rates from Ireland Fedex Priort'!F67) -> 88 | G68: =IF(ISNUMBER('Rates from Ireland Fedex Priort'!G67),_xlfn.CEILING.MATH('Rates from Ireland Fedex Priort'!G67,1)+IF($A68="EU",Variables!$B$6,Variables!$B$3),'Rates from Ireland Fedex Priort'!G67) -> 106 | H68: =IF(ISNUMBER('Rates from Ireland Fedex Priort'!H67),_xlfn.CEILING.MATH('Rates from Ireland Fedex Priort'!H67,1)+IF($A68="EU",Variables!$B$6,Variables!$B$3),'Rates from Ireland Fedex Priort'!H67) -> 134 | I68: =IF(ISNUMBER('Rates from Ireland Fedex Priort'!I67),_xlfn.CEILING.MATH('Rates from Ireland Fedex Priort'!I67,1)+IF($A68="EU",Variables!$B$6,Variables!$B$3),'Rates from Ireland Fedex Priort'!I67) -> 242 | J68: =IF(ISNUMBER('Rates from Ireland Fedex Priort'!J67),_xlfn.CEILING.MATH('Rates from Ireland Fedex Priort'!J67,1)+IF($A68="EU",Variables!$B$6,Variables!$B$3),'Rates from Ireland Fedex Priort'!J67) -> No service | K68: =IF(ISNUMBER('Rates from Ireland Fedex Priort'!K67),_xlfn.CEILING.MATH('Rates from Ireland Fedex Priort'!K67,1)+IF($A68="EU",Variables!$B$6,Variables!$B$3),'Rates from Ireland Fedex Priort'!K67) -> No service | L68: =IF(ISNUMBER('Rates from Ireland Fedex Priort'!L67),_xlfn.CEILING.MATH('Rates from Ireland Fedex Priort'!L67,1)+IF($A68="EU",Variables!$B$6,Variables!$B$3),'Rates from Ireland Fedex Priort'!L67) -> No service | ... N68: =IF(ISNUMBER('Rates from Ireland Fedex Priort'!N67),_xlfn.CEILING.MATH('Rates from Ireland Fedex Priort'!N67,1)+IF($A68="EU",Variables!$B$6,Variables!$B$3),'Rates from Ireland Fedex Priort'!N67) -> No service | O68: 2-4 Days | P68: 2-5 Days | Q68: 80 | R68: 4/5* | S68: FedEx Economy | T68: Economy
A69: =IF('Rates from Ireland Fedex Priort'!A68="","",'Rates from Ireland Fedex Priort'!A68) -> EU | B69: =IF('Rates from Ireland Fedex Priort'!B68="","",'Rates from Ireland Fedex Priort'!B68) -> Ireland | C69: =IF('Rates from Ireland Fedex Priort'!C68="","",'Rates from Ireland Fedex Priort'!C68) -> Estonia | D69: =IF(ISNUMBER('Rates from Ireland Fedex Priort'!D68),_xlfn.CEILING.MATH('Rates from Ireland Fedex Priort'!D68,1)+IF($A69="EU",Variables!$B$5,Variables!$B$2),'Rates from Ireland Fedex Priort'!D68) -> 67 | E69: =IF(ISNUMBER('Rates from Ireland Fedex Priort'!E68),_xlfn.CEILING.MATH('Rates from Ireland Fedex Priort'!E68,1)+IF($A69="EU",Variables!$B$6,Variables!$B$3),'Rates from Ireland Fedex Priort'!E68) -> 73 | F69: =IF(ISNUMBER('Rates from Ireland Fedex Priort'!F68),_xlfn.CEILING.MATH('Rates from Ireland Fedex Priort'!F68,1)+IF($A69="EU",Variables!$B$6,Variables!$B$3),'Rates from Ireland Fedex Priort'!F68) -> 73 | G69: =IF(ISNUMBER('Rates from Ireland Fedex Priort'!G68),_xlfn.CEILING.MATH('Rates from Ireland Fedex Priort'!G68,1)+IF($A69="EU",Variables!$B$6,Variables!$B$3),'Rates from Ireland Fedex Priort'!G68) -> 77 | H69: =IF(ISNUMBER('Rates from Ireland Fedex Priort'!H68),_xlfn.CEILING.MATH('Rates from Ireland Fedex Priort'!H68,1)+IF($A69="EU",Variables!$B$6,Variables!$B$3),'Rates from Ireland Fedex Priort'!H68) -> 79 | I69: =IF(ISNUMBER('Rates from Ireland Fedex Priort'!I68),_xlfn.CEILING.MATH('Rates from Ireland Fedex Priort'!I68,1)+IF($A69="EU",Variables!$B$6,Variables!$B$3),'Rates from Ireland Fedex Priort'!I68) -> 94 | J69: =IF(ISNUMBER('Rates from Ireland Fedex Priort'!J68),_xlfn.CEILING.MATH('Rates from Ireland Fedex Priort'!J68,1)+IF($A69="EU",Variables!$B$6,Variables!$B$3),'Rates from Ireland Fedex Priort'!J68) -> 103 | K69: =IF(ISNUMBER('Rates from Ireland Fedex Priort'!K68),_xlfn.CEILING.MATH('Rates from Ireland Fedex Priort'!K68,1)+IF($A69="EU",Variables!$B$6,Variables!$B$3),'Rates from Ireland Fedex Priort'!K68) -> 111 | L69: =IF(ISNUMBER('Rates from Ireland Fedex Priort'!L68),_xlfn.CEILING.MATH('Rates from Ireland Fedex Priort'!L68,1)+IF($A69="EU",Variables!$B$6,Variables!$B$3),'Rates from Ireland Fedex Priort'!L68) -> 104 | ... N69: =IF(ISNUMBER('Rates from Ireland Fedex Priort'!N68),_xlfn.CEILING.MATH('Rates from Ireland Fedex Priort'!N68,1)+IF($A69="EU",Variables!$B$6,Variables!$B$3),'Rates from Ireland Fedex Priort'!N68) -> 146 | O69: 3 Days | P69: 10-12 Days | Q69: 80 | R69: 4/5* | S69: FedEx Economy | T69: Economy
A70: =IF('Rates from Ireland Fedex Priort'!A69="","",'Rates from Ireland Fedex Priort'!A69) -> EU | B70: =IF('Rates from Ireland Fedex Priort'!B69="","",'Rates from Ireland Fedex Priort'!B69) -> Ireland | C70: =IF('Rates from Ireland Fedex Priort'!C69="","",'Rates from Ireland Fedex Priort'!C69) -> Eswatini | D70: =IF(ISNUMBER('Rates from Ireland Fedex Priort'!D69),_xlfn.CEILING.MATH('Rates from Ireland Fedex Priort'!D69,1)+IF($A70="EU",Variables!$B$5,Variables!$B$2),'Rates from Ireland Fedex Priort'!D69) -> 72 | E70: =IF(ISNUMBER('Rates from Ireland Fedex Priort'!E69),_xlfn.CEILING.MATH('Rates from Ireland Fedex Priort'!E69,1)+IF($A70="EU",Variables!$B$6,Variables!$B$3),'Rates from Ireland Fedex Priort'!E69) -> 83 | F70: =IF(ISNUMBER('Rates from Ireland Fedex Priort'!F69),_xlfn.CEILING.MATH('Rates from Ireland Fedex Priort'!F69,1)+IF($A70="EU",Variables!$B$6,Variables!$B$3),'Rates from Ireland Fedex Priort'!F69) -> 88 | G70: =IF(ISNUMBER('Rates from Ireland Fedex Priort'!G69),_xlfn.CEILING.MATH('Rates from Ireland Fedex Priort'!G69,1)+IF($A70="EU",Variables!$B$6,Variables!$B$3),'Rates from Ireland Fedex Priort'!G69) -> 106 | H70: =IF(ISNUMBER('Rates from Ireland Fedex Priort'!H69),_xlfn.CEILING.MATH('Rates from Ireland Fedex Priort'!H69,1)+IF($A70="EU",Variables!$B$6,Variables!$B$3),'Rates from Ireland Fedex Priort'!H69) -> 134 | I70: =IF(ISNUMBER('Rates from Ireland Fedex Priort'!I69),_xlfn.CEILING.MATH('Rates from Ireland Fedex Priort'!I69,1)+IF($A70="EU",Variables!$B$6,Variables!$B$3),'Rates from Ireland Fedex Priort'!I69) -> 242 | J70: =IF(ISNUMBER('Rates from Ireland Fedex Priort'!J69),_xlfn.CEILING.MATH('Rates from Ireland Fedex Priort'!J69,1)+IF($A70="EU",Variables!$B$6,Variables!$B$3),'Rates from Ireland Fedex Priort'!J69) -> No service | K70: =IF(ISNUMBER('Rates from Ireland Fedex Priort'!K69),_xlfn.CEILING.MATH('Rates from Ireland Fedex Priort'!K69,1)+IF($A70="EU",Variables!$B$6,Variables!$B$3),'Rates from Ireland Fedex Priort'!K69) -> No service | L70: =IF(ISNUMBER('Rates from Ireland Fedex Priort'!L69),_xlfn.CEILING.MATH('Rates from Ireland Fedex Priort'!L69,1)+IF($A70="EU",Variables!$B$6,Variables!$B$3),'Rates from Ireland Fedex Priort'!L69) -> No service | ... N70: =IF(ISNUMBER('Rates from Ireland Fedex Priort'!N69),_xlfn.CEILING.MATH('Rates from Ireland Fedex Priort'!N69,1)+IF($A70="EU",Variables!$B$6,Variables!$B$3),'Rates from Ireland Fedex Priort'!N69) -> No service | O70: 2-4 Days | P70: 2-5 Days | Q70: 80 | R70: 4/5* | S70: FedEx Economy | T70: Economy
A71: =IF('Rates from Ireland Fedex Priort'!A70="","",'Rates from Ireland Fedex Priort'!A70) -> EU | B71: =IF('Rates from Ireland Fedex Priort'!B70="","",'Rates from Ireland Fedex Priort'!B70) -> Ireland | C71: =IF('Rates from Ireland Fedex Priort'!C70="","",'Rates from Ireland Fedex Priort'!C70) -> Ethiopia | D71: =IF(ISNUMBER('Rates from Ireland Fedex Priort'!D70),_xlfn.CEILING.MATH('Rates from Ireland Fedex Priort'!D70,1)+IF($A71="EU",Variables!$B$5,Variables!$B$2),'Rates from Ireland Fedex Priort'!D70) -> 72 | E71: =IF(ISNUMBER('Rates from Ireland Fedex Priort'!E70),_xlfn.CEILING.MATH('Rates from Ireland Fedex Priort'!E70,1)+IF($A71="EU",Variables!$B$6,Variables!$B$3),'Rates from Ireland Fedex Priort'!E70) -> 83 | F71: =IF(ISNUMBER('Rates from Ireland Fedex Priort'!F70),_xlfn.CEILING.MATH('Rates from Ireland Fedex Priort'!F70,1)+IF($A71="EU",Variables!$B$6,Variables!$B$3),'Rates from Ireland Fedex Priort'!F70) -> 88 | G71: =IF(ISNUMBER('Rates from Ireland Fedex Priort'!G70),_xlfn.CEILING.MATH('Rates from Ireland Fedex Priort'!G70,1)+IF($A71="EU",Variables!$B$6,Variables!$B$3),'Rates from Ireland Fedex Priort'!G70) -> 106 | H71: =IF(ISNUMBER('Rates from Ireland Fedex Priort'!H70),_xlfn.CEILING.MATH('Rates from Ireland Fedex Priort'!H70,1)+IF($A71="EU",Variables!$B$6,Variables!$B$3),'Rates from Ireland Fedex Priort'!H70) -> 134 | I71: =IF(ISNUMBER('Rates from Ireland Fedex Priort'!I70),_xlfn.CEILING.MATH('Rates from Ireland Fedex Priort'!I70,1)+IF($A71="EU",Variables!$B$6,Variables!$B$3),'Rates from Ireland Fedex Priort'!I70) -> 242 | J71: =IF(ISNUMBER('Rates from Ireland Fedex Priort'!J70),_xlfn.CEILING.MATH('Rates from Ireland Fedex Priort'!J70,1)+IF($A71="EU",Variables!$B$6,Variables!$B$3),'Rates from Ireland Fedex Priort'!J70) -> No service | K71: =IF(ISNUMBER('Rates from Ireland Fedex Priort'!K70),_xlfn.CEILING.MATH('Rates from Ireland Fedex Priort'!K70,1)+IF($A71="EU",Variables!$B$6,Variables!$B$3),'Rates from Ireland Fedex Priort'!K70) -> No service | L71: =IF(ISNUMBER('Rates from Ireland Fedex Priort'!L70),_xlfn.CEILING.MATH('Rates from Ireland Fedex Priort'!L70,1)+IF($A71="EU",Variables!$B$6,Variables!$B$3),'Rates from Ireland Fedex Priort'!L70) -> No service | ... N71: =IF(ISNUMBER('Rates from Ireland Fedex Priort'!N70),_xlfn.CEILING.MATH('Rates from Ireland Fedex Priort'!N70,1)+IF($A71="EU",Variables!$B$6,Variables!$B$3),'Rates from Ireland Fedex Priort'!N70) -> No service | O71: 2-4 Days | P71: 2-5 Days | Q71: 80 | R71: 4/5* | S71: FedEx Economy | T71: Economy
A72: =IF('Rates from Ireland Fedex Priort'!A71="","",'Rates from Ireland Fedex Priort'!A71) -> EU | B72: =IF('Rates from Ireland Fedex Priort'!B71="","",'Rates from Ireland Fedex Priort'!B71) -> Ireland | C72: =IF('Rates from Ireland Fedex Priort'!C71="","",'Rates from Ireland Fedex Priort'!C71) -> Falkland Islands | D72: =IF(ISNUMBER('Rates from Ireland Fedex Priort'!D71),_xlfn.CEILING.MATH('Rates from Ireland Fedex Priort'!D71,1)+IF($A72="EU",Variables!$B$5,Variables!$B$2),'Rates from Ireland Fedex Priort'!D71) -> No service | E72: =IF(ISNUMBER('Rates from Ireland Fedex Priort'!E71),_xlfn.CEILING.MATH('Rates from Ireland Fedex Priort'!E71,1)+IF($A72="EU",Variables!$B$6,Variables!$B$3),'Rates from Ireland Fedex Priort'!E71) -> No service | F72: =IF(ISNUMBER('Rates from Ireland Fedex Priort'!F71),_xlfn.CEILING.MATH('Rates from Ireland Fedex Priort'!F71,1)+IF($A72="EU",Variables!$B$6,Variables!$B$3),'Rates from Ireland Fedex Priort'!F71) -> No service | G72: =IF(ISNUMBER('Rates from Ireland Fedex Priort'!G71),_xlfn.CEILING.MATH('Rates from Ireland Fedex Priort'!G71,1)+IF($A72="EU",Variables!$B$6,Variables!$B$3),'Rates from Ireland Fedex Priort'!G71) -> No service | H72: =IF(ISNUMBER('Rates from Ireland Fedex Priort'!H71),_xlfn.CEILING.MATH('Rates from Ireland Fedex Priort'!H71,1)+IF($A72="EU",Variables!$B$6,Variables!$B$3),'Rates from Ireland Fedex Priort'!H71) -> No service | I72: =IF(ISNUMBER('Rates from Ireland Fedex Priort'!I71),_xlfn.CEILING.MATH('Rates from Ireland Fedex Priort'!I71,1)+IF($A72="EU",Variables!$B$6,Variables!$B$3),'Rates from Ireland Fedex Priort'!I71) -> No service | J72: =IF(ISNUMBER('Rates from Ireland Fedex Priort'!J71),_xlfn.CEILING.MATH('Rates from Ireland Fedex Priort'!J71,1)+IF($A72="EU",Variables!$B$6,Variables!$B$3),'Rates from Ireland Fedex Priort'!J71) -> No service | K72: =IF(ISNUMBER('Rates from Ireland Fedex Priort'!K71),_xlfn.CEILING.MATH('Rates from Ireland Fedex Priort'!K71,1)+IF($A72="EU",Variables!$B$6,Variables!$B$3),'Rates from Ireland Fedex Priort'!K71) -> No service | L72: =IF(ISNUMBER('Rates from Ireland Fedex Priort'!L71),_xlfn.CEILING.MATH('Rates from Ireland Fedex Priort'!L71,1)+IF($A72="EU",Variables!$B$6,Variables!$B$3),'Rates from Ireland Fedex Priort'!L71) -> No service | ... N72: =IF(ISNUMBER('Rates from Ireland Fedex Priort'!N71),_xlfn.CEILING.MATH('Rates from Ireland Fedex Priort'!N71,1)+IF($A72="EU",Variables!$B$6,Variables!$B$3),'Rates from Ireland Fedex Priort'!N71) -> No service | S72: FedEx Economy | T72: Economy
A73: =IF('Rates from Ireland Fedex Priort'!A72="","",'Rates from Ireland Fedex Priort'!A72) -> EU | B73: =IF('Rates from Ireland Fedex Priort'!B72="","",'Rates from Ireland Fedex Priort'!B72) -> Ireland | C73: =IF('Rates from Ireland Fedex Priort'!C72="","",'Rates from Ireland Fedex Priort'!C72) -> Faroe Islands (Denmark) | D73: =IF(ISNUMBER('Rates from Ireland Fedex Priort'!D72),_xlfn.CEILING.MATH('Rates from Ireland Fedex Priort'!D72,1)+IF($A73="EU",Variables!$B$5,Variables!$B$2),'Rates from Ireland Fedex Priort'!D72) -> 58 | E73: =IF(ISNUMBER('Rates from Ireland Fedex Priort'!E72),_xlfn.CEILING.MATH('Rates from Ireland Fedex Priort'!E72,1)+IF($A73="EU",Variables!$B$6,Variables!$B$3),'Rates from Ireland Fedex Priort'!E72) -> 65 | F73: =IF(ISNUMBER('Rates from Ireland Fedex Priort'!F72),_xlfn.CEILING.MATH('Rates from Ireland Fedex Priort'!F72,1)+IF($A73="EU",Variables!$B$6,Variables!$B$3),'Rates from Ireland Fedex Priort'!F72) -> 65 | G73: =IF(ISNUMBER('Rates from Ireland Fedex Priort'!G72),_xlfn.CEILING.MATH('Rates from Ireland Fedex Priort'!G72,1)+IF($A73="EU",Variables!$B$6,Variables!$B$3),'Rates from Ireland Fedex Priort'!G72) -> 68 | H73: =IF(ISNUMBER('Rates from Ireland Fedex Priort'!H72),_xlfn.CEILING.MATH('Rates from Ireland Fedex Priort'!H72,1)+IF($A73="EU",Variables!$B$6,Variables!$B$3),'Rates from Ireland Fedex Priort'!H72) -> 74 | I73: =IF(ISNUMBER('Rates from Ireland Fedex Priort'!I72),_xlfn.CEILING.MATH('Rates from Ireland Fedex Priort'!I72,1)+IF($A73="EU",Variables!$B$6,Variables!$B$3),'Rates from Ireland Fedex Priort'!I72) -> 81 | J73: =IF(ISNUMBER('Rates from Ireland Fedex Priort'!J72),_xlfn.CEILING.MATH('Rates from Ireland Fedex Priort'!J72,1)+IF($A73="EU",Variables!$B$6,Variables!$B$3),'Rates from Ireland Fedex Priort'!J72) -> 87 | K73: =IF(ISNUMBER('Rates from Ireland Fedex Priort'!K72),_xlfn.CEILING.MATH('Rates from Ireland Fedex Priort'!K72,1)+IF($A73="EU",Variables!$B$6,Variables!$B$3),'Rates from Ireland Fedex Priort'!K72) -> 93 | L73: =IF(ISNUMBER('Rates from Ireland Fedex Priort'!L72),_xlfn.CEILING.MATH('Rates from Ireland Fedex Priort'!L72,1)+IF($A73="EU",Variables!$B$6,Variables!$B$3),'Rates from Ireland Fedex Priort'!L72) -> 99 | ... N73: =IF(ISNUMBER('Rates from Ireland Fedex Priort'!N72),_xlfn.CEILING.MATH('Rates from Ireland Fedex Priort'!N72,1)+IF($A73="EU",Variables!$B$6,Variables!$B$3),'Rates from Ireland Fedex Priort'!N72) -> 127 | O73: 3 Days | P73: 6 Days | Q73: 80 | R73: 4/5* | S73: FedEx Economy | T73: Economy
A74: =IF('Rates from Ireland Fedex Priort'!A73="","",'Rates from Ireland Fedex Priort'!A73) -> EU | B74: =IF('Rates from Ireland Fedex Priort'!B73="","",'Rates from Ireland Fedex Priort'!B73) -> Ireland | C74: =IF('Rates from Ireland Fedex Priort'!C73="","",'Rates from Ireland Fedex Priort'!C73) -> Fiji | D74: =IF(ISNUMBER('Rates from Ireland Fedex Priort'!D73),_xlfn.CEILING.MATH('Rates from Ireland Fedex Priort'!D73,1)+IF($A74="EU",Variables!$B$5,Variables!$B$2),'Rates from Ireland Fedex Priort'!D73) -> 72 | E74: =IF(ISNUMBER('Rates from Ireland Fedex Priort'!E73),_xlfn.CEILING.MATH('Rates from Ireland Fedex Priort'!E73,1)+IF($A74="EU",Variables!$B$6,Variables!$B$3),'Rates from Ireland Fedex Priort'!E73) -> 83 | F74: =IF(ISNUMBER('Rates from Ireland Fedex Priort'!F73),_xlfn.CEILING.MATH('Rates from Ireland Fedex Priort'!F73,1)+IF($A74="EU",Variables!$B$6,Variables!$B$3),'Rates from Ireland Fedex Priort'!F73) -> 88 | G74: =IF(ISNUMBER('Rates from Ireland Fedex Priort'!G73),_xlfn.CEILING.MATH('Rates from Ireland Fedex Priort'!G73,1)+IF($A74="EU",Variables!$B$6,Variables!$B$3),'Rates from Ireland Fedex Priort'!G73) -> 106 | H74: =IF(ISNUMBER('Rates from Ireland Fedex Priort'!H73),_xlfn.CEILING.MATH('Rates from Ireland Fedex Priort'!H73,1)+IF($A74="EU",Variables!$B$6,Variables!$B$3),'Rates from Ireland Fedex Priort'!H73) -> 134 | I74: =IF(ISNUMBER('Rates from Ireland Fedex Priort'!I73),_xlfn.CEILING.MATH('Rates from Ireland Fedex Priort'!I73,1)+IF($A74="EU",Variables!$B$6,Variables!$B$3),'Rates from Ireland Fedex Priort'!I73) -> 242 | J74: =IF(ISNUMBER('Rates from Ireland Fedex Priort'!J73),_xlfn.CEILING.MATH('Rates from Ireland Fedex Priort'!J73,1)+IF($A74="EU",Variables!$B$6,Variables!$B$3),'Rates from Ireland Fedex Priort'!J73) -> No service | K74: =IF(ISNUMBER('Rates from Ireland Fedex Priort'!K73),_xlfn.CEILING.MATH('Rates from Ireland Fedex Priort'!K73,1)+IF($A74="EU",Variables!$B$6,Variables!$B$3),'Rates from Ireland Fedex Priort'!K73) -> No service | L74: =IF(ISNUMBER('Rates from Ireland Fedex Priort'!L73),_xlfn.CEILING.MATH('Rates from Ireland Fedex Priort'!L73,1)+IF($A74="EU",Variables!$B$6,Variables!$B$3),'Rates from Ireland Fedex Priort'!L73) -> No service | ... N74: =IF(ISNUMBER('Rates from Ireland Fedex Priort'!N73),_xlfn.CEILING.MATH('Rates from Ireland Fedex Priort'!N73,1)+IF($A74="EU",Variables!$B$6,Variables!$B$3),'Rates from Ireland Fedex Priort'!N73) -> No service | O74: 2-4 Days | P74: 2-5 Days | Q74: 80 | R74: 4/5* | S74: FedEx Economy | T74: Economy
A75: =IF('Rates from Ireland Fedex Priort'!A74="","",'Rates from Ireland Fedex Priort'!A74) -> EU | B75: =IF('Rates from Ireland Fedex Priort'!B74="","",'Rates from Ireland Fedex Priort'!B74) -> Ireland | C75: =IF('Rates from Ireland Fedex Priort'!C74="","",'Rates from Ireland Fedex Priort'!C74) -> Finland | D75: =IF(ISNUMBER('Rates from Ireland Fedex Priort'!D74),_xlfn.CEILING.MATH('Rates from Ireland Fedex Priort'!D74,1)+IF($A75="EU",Variables!$B$5,Variables!$B$2),'Rates from Ireland Fedex Priort'!D74) -> 62 | E75: =IF(ISNUMBER('Rates from Ireland Fedex Priort'!E74),_xlfn.CEILING.MATH('Rates from Ireland Fedex Priort'!E74,1)+IF($A75="EU",Variables!$B$6,Variables!$B$3),'Rates from Ireland Fedex Priort'!E74) -> 65 | F75: =IF(ISNUMBER('Rates from Ireland Fedex Priort'!F74),_xlfn.CEILING.MATH('Rates from Ireland Fedex Priort'!F74,1)+IF($A75="EU",Variables!$B$6,Variables!$B$3),'Rates from Ireland Fedex Priort'!F74) -> 65 | G75: =IF(ISNUMBER('Rates from Ireland Fedex Priort'!G74),_xlfn.CEILING.MATH('Rates from Ireland Fedex Priort'!G74,1)+IF($A75="EU",Variables!$B$6,Variables!$B$3),'Rates from Ireland Fedex Priort'!G74) -> 68 | H75: =IF(ISNUMBER('Rates from Ireland Fedex Priort'!H74),_xlfn.CEILING.MATH('Rates from Ireland Fedex Priort'!H74,1)+IF($A75="EU",Variables!$B$6,Variables!$B$3),'Rates from Ireland Fedex Priort'!H74) -> 74 | I75: =IF(ISNUMBER('Rates from Ireland Fedex Priort'!I74),_xlfn.CEILING.MATH('Rates from Ireland Fedex Priort'!I74,1)+IF($A75="EU",Variables!$B$6,Variables!$B$3),'Rates from Ireland Fedex Priort'!I74) -> 81 | J75: =IF(ISNUMBER('Rates from Ireland Fedex Priort'!J74),_xlfn.CEILING.MATH('Rates from Ireland Fedex Priort'!J74,1)+IF($A75="EU",Variables!$B$6,Variables!$B$3),'Rates from Ireland Fedex Priort'!J74) -> 87 | K75: =IF(ISNUMBER('Rates from Ireland Fedex Priort'!K74),_xlfn.CEILING.MATH('Rates from Ireland Fedex Priort'!K74,1)+IF($A75="EU",Variables!$B$6,Variables!$B$3),'Rates from Ireland Fedex Priort'!K74) -> 93 | L75: =IF(ISNUMBER('Rates from Ireland Fedex Priort'!L74),_xlfn.CEILING.MATH('Rates from Ireland Fedex Priort'!L74,1)+IF($A75="EU",Variables!$B$6,Variables!$B$3),'Rates from Ireland Fedex Priort'!L74) -> 99 | ... N75: =IF(ISNUMBER('Rates from Ireland Fedex Priort'!N74),_xlfn.CEILING.MATH('Rates from Ireland Fedex Priort'!N74,1)+IF($A75="EU",Variables!$B$6,Variables!$B$3),'Rates from Ireland Fedex Priort'!N74) -> 127 | O75: 3 Days | P75: 6 Days | Q75: 80 | R75: 4/5* | S75: FedEx Economy | T75: Economy
A76: =IF('Rates from Ireland Fedex Priort'!A75="","",'Rates from Ireland Fedex Priort'!A75) -> EU | B76: =IF('Rates from Ireland Fedex Priort'!B75="","",'Rates from Ireland Fedex Priort'!B75) -> Ireland | C76: =IF('Rates from Ireland Fedex Priort'!C75="","",'Rates from Ireland Fedex Priort'!C75) -> France | D76: =IF(ISNUMBER('Rates from Ireland Fedex Priort'!D75),_xlfn.CEILING.MATH('Rates from Ireland Fedex Priort'!D75,1)+IF($A76="EU",Variables!$B$5,Variables!$B$2),'Rates from Ireland Fedex Priort'!D75) -> 62 | E76: =IF(ISNUMBER('Rates from Ireland Fedex Priort'!E75),_xlfn.CEILING.MATH('Rates from Ireland Fedex Priort'!E75,1)+IF($A76="EU",Variables!$B$6,Variables!$B$3),'Rates from Ireland Fedex Priort'!E75) -> 64 | F76: =IF(ISNUMBER('Rates from Ireland Fedex Priort'!F75),_xlfn.CEILING.MATH('Rates from Ireland Fedex Priort'!F75,1)+IF($A76="EU",Variables!$B$6,Variables!$B$3),'Rates from Ireland Fedex Priort'!F75) -> 67 | G76: =IF(ISNUMBER('Rates from Ireland Fedex Priort'!G75),_xlfn.CEILING.MATH('Rates from Ireland Fedex Priort'!G75,1)+IF($A76="EU",Variables!$B$6,Variables!$B$3),'Rates from Ireland Fedex Priort'!G75) -> 69 | H76: =IF(ISNUMBER('Rates from Ireland Fedex Priort'!H75),_xlfn.CEILING.MATH('Rates from Ireland Fedex Priort'!H75,1)+IF($A76="EU",Variables!$B$6,Variables!$B$3),'Rates from Ireland Fedex Priort'!H75) -> 72 | I76: =IF(ISNUMBER('Rates from Ireland Fedex Priort'!I75),_xlfn.CEILING.MATH('Rates from Ireland Fedex Priort'!I75,1)+IF($A76="EU",Variables!$B$6,Variables!$B$3),'Rates from Ireland Fedex Priort'!I75) -> 77 | J76: =IF(ISNUMBER('Rates from Ireland Fedex Priort'!J75),_xlfn.CEILING.MATH('Rates from Ireland Fedex Priort'!J75,1)+IF($A76="EU",Variables!$B$6,Variables!$B$3),'Rates from Ireland Fedex Priort'!J75) -> 85 | K76: =IF(ISNUMBER('Rates from Ireland Fedex Priort'!K75),_xlfn.CEILING.MATH('Rates from Ireland Fedex Priort'!K75,1)+IF($A76="EU",Variables!$B$6,Variables!$B$3),'Rates from Ireland Fedex Priort'!K75) -> 92 | L76: =IF(ISNUMBER('Rates from Ireland Fedex Priort'!L75),_xlfn.CEILING.MATH('Rates from Ireland Fedex Priort'!L75,1)+IF($A76="EU",Variables!$B$6,Variables!$B$3),'Rates from Ireland Fedex Priort'!L75) -> 119 | ... N76: =IF(ISNUMBER('Rates from Ireland Fedex Priort'!N75),_xlfn.CEILING.MATH('Rates from Ireland Fedex Priort'!N75,1)+IF($A76="EU",Variables!$B$6,Variables!$B$3),'Rates from Ireland Fedex Priort'!N75) -> 132 | O76: 3 Days | P76: 6 Days | Q76: 80 | R76: 4/5* | S76: FedEx Economy | T76: Economy
A77: =IF('Rates from Ireland Fedex Priort'!A76="","",'Rates from Ireland Fedex Priort'!A76) -> EU | B77: =IF('Rates from Ireland Fedex Priort'!B76="","",'Rates from Ireland Fedex Priort'!B76) -> Ireland | C77: =IF('Rates from Ireland Fedex Priort'!C76="","",'Rates from Ireland Fedex Priort'!C76) -> French Guiana (France) | D77: =IF(ISNUMBER('Rates from Ireland Fedex Priort'!D76),_xlfn.CEILING.MATH('Rates from Ireland Fedex Priort'!D76,1)+IF($A77="EU",Variables!$B$5,Variables!$B$2),'Rates from Ireland Fedex Priort'!D76) -> 68 | E77: =IF(ISNUMBER('Rates from Ireland Fedex Priort'!E76),_xlfn.CEILING.MATH('Rates from Ireland Fedex Priort'!E76,1)+IF($A77="EU",Variables!$B$6,Variables!$B$3),'Rates from Ireland Fedex Priort'!E76) -> 77 | F77: =IF(ISNUMBER('Rates from Ireland Fedex Priort'!F76),_xlfn.CEILING.MATH('Rates from Ireland Fedex Priort'!F76,1)+IF($A77="EU",Variables!$B$6,Variables!$B$3),'Rates from Ireland Fedex Priort'!F76) -> 81 | G77: =IF(ISNUMBER('Rates from Ireland Fedex Priort'!G76),_xlfn.CEILING.MATH('Rates from Ireland Fedex Priort'!G76,1)+IF($A77="EU",Variables!$B$6,Variables!$B$3),'Rates from Ireland Fedex Priort'!G76) -> 96 | H77: =IF(ISNUMBER('Rates from Ireland Fedex Priort'!H76),_xlfn.CEILING.MATH('Rates from Ireland Fedex Priort'!H76,1)+IF($A77="EU",Variables!$B$6,Variables!$B$3),'Rates from Ireland Fedex Priort'!H76) -> 117 | I77: =IF(ISNUMBER('Rates from Ireland Fedex Priort'!I76),_xlfn.CEILING.MATH('Rates from Ireland Fedex Priort'!I76,1)+IF($A77="EU",Variables!$B$6,Variables!$B$3),'Rates from Ireland Fedex Priort'!I76) -> 219 | J77: =IF(ISNUMBER('Rates from Ireland Fedex Priort'!J76),_xlfn.CEILING.MATH('Rates from Ireland Fedex Priort'!J76,1)+IF($A77="EU",Variables!$B$6,Variables!$B$3),'Rates from Ireland Fedex Priort'!J76) -> No service | K77: =IF(ISNUMBER('Rates from Ireland Fedex Priort'!K76),_xlfn.CEILING.MATH('Rates from Ireland Fedex Priort'!K76,1)+IF($A77="EU",Variables!$B$6,Variables!$B$3),'Rates from Ireland Fedex Priort'!K76) -> No service | L77: =IF(ISNUMBER('Rates from Ireland Fedex Priort'!L76),_xlfn.CEILING.MATH('Rates from Ireland Fedex Priort'!L76,1)+IF($A77="EU",Variables!$B$6,Variables!$B$3),'Rates from Ireland Fedex Priort'!L76) -> No service | ... N77: =IF(ISNUMBER('Rates from Ireland Fedex Priort'!N76),_xlfn.CEILING.MATH('Rates from Ireland Fedex Priort'!N76,1)+IF($A77="EU",Variables!$B$6,Variables!$B$3),'Rates from Ireland Fedex Priort'!N76) -> No service | O77: 5 Days | P77: 8 Days | Q77: 80 | R77: 4/5* | S77: FedEx Economy | T77: Economy
A78: =IF('Rates from Ireland Fedex Priort'!A77="","",'Rates from Ireland Fedex Priort'!A77) -> EU | B78: =IF('Rates from Ireland Fedex Priort'!B77="","",'Rates from Ireland Fedex Priort'!B77) -> Ireland | C78: =IF('Rates from Ireland Fedex Priort'!C77="","",'Rates from Ireland Fedex Priort'!C77) -> French Polynesia (France) | D78: =IF(ISNUMBER('Rates from Ireland Fedex Priort'!D77),_xlfn.CEILING.MATH('Rates from Ireland Fedex Priort'!D77,1)+IF($A78="EU",Variables!$B$5,Variables!$B$2),'Rates from Ireland Fedex Priort'!D77) -> 68 | E78: =IF(ISNUMBER('Rates from Ireland Fedex Priort'!E77),_xlfn.CEILING.MATH('Rates from Ireland Fedex Priort'!E77,1)+IF($A78="EU",Variables!$B$6,Variables!$B$3),'Rates from Ireland Fedex Priort'!E77) -> 77 | F78: =IF(ISNUMBER('Rates from Ireland Fedex Priort'!F77),_xlfn.CEILING.MATH('Rates from Ireland Fedex Priort'!F77,1)+IF($A78="EU",Variables!$B$6,Variables!$B$3),'Rates from Ireland Fedex Priort'!F77) -> 81 | G78: =IF(ISNUMBER('Rates from Ireland Fedex Priort'!G77),_xlfn.CEILING.MATH('Rates from Ireland Fedex Priort'!G77,1)+IF($A78="EU",Variables!$B$6,Variables!$B$3),'Rates from Ireland Fedex Priort'!G77) -> 96 | H78: =IF(ISNUMBER('Rates from Ireland Fedex Priort'!H77),_xlfn.CEILING.MATH('Rates from Ireland Fedex Priort'!H77,1)+IF($A78="EU",Variables!$B$6,Variables!$B$3),'Rates from Ireland Fedex Priort'!H77) -> 117 | I78: =IF(ISNUMBER('Rates from Ireland Fedex Priort'!I77),_xlfn.CEILING.MATH('Rates from Ireland Fedex Priort'!I77,1)+IF($A78="EU",Variables!$B$6,Variables!$B$3),'Rates from Ireland Fedex Priort'!I77) -> 219 | J78: =IF(ISNUMBER('Rates from Ireland Fedex Priort'!J77),_xlfn.CEILING.MATH('Rates from Ireland Fedex Priort'!J77,1)+IF($A78="EU",Variables!$B$6,Variables!$B$3),'Rates from Ireland Fedex Priort'!J77) -> No service | K78: =IF(ISNUMBER('Rates from Ireland Fedex Priort'!K77),_xlfn.CEILING.MATH('Rates from Ireland Fedex Priort'!K77,1)+IF($A78="EU",Variables!$B$6,Variables!$B$3),'Rates from Ireland Fedex Priort'!K77) -> No service | L78: =IF(ISNUMBER('Rates from Ireland Fedex Priort'!L77),_xlfn.CEILING.MATH('Rates from Ireland Fedex Priort'!L77,1)+IF($A78="EU",Variables!$B$6,Variables!$B$3),'Rates from Ireland Fedex Priort'!L77) -> No service | ... N78: =IF(ISNUMBER('Rates from Ireland Fedex Priort'!N77),_xlfn.CEILING.MATH('Rates from Ireland Fedex Priort'!N77,1)+IF($A78="EU",Variables!$B$6,Variables!$B$3),'Rates from Ireland Fedex Priort'!N77) -> No service | O78: 5 Days | P78: 8 Days | Q78: 80 | R78: 4/5* | S78: FedEx Economy | T78: Economy
