Workbook

Sheet Result
A1: Zone | B1: Ship From | C1: Ship To | D1: Doc 0.5kg | E1: Paket 1kg | F1: Paket 2kg | G1: Box 5kg | H1: Box 10kg | I1: Box 15kg | J1: Box 20kg | K1: Box 25kg | L1: Suitcase 10kg | M1: Suitcase 20kg | N1: Suitcase 30kg | O1: Days ENV | P1: Days PARCEL | Q1: Insurance | R1: Rating | S1: Courier | T1: Service
A2: =IF('Rates from Ireland Fedex Econom'!A2="","",'Rates from Ireland Fedex Econom'!A2) -> EU | B2: =IF('Rates from Ireland Fedex Econom'!B2="","",'Rates from Ireland Fedex Econom'!B2) -> Ireland | C2: =IF('Rates from Ireland Fedex Econom'!C2="","",'Rates from Ireland Fedex Econom'!C2) -> Afghanistan | D2: =IF(ISNUMBER('Rates from Ireland Fedex Econom'!D2),_xlfn.CEILING.MATH('Rates from Ireland Fedex Econom'!D2,1)+(IF($A2="EU",Variables!$B$5,IF($A2="N/A",0,Variables!$B$2))),'Rates from Ireland Fedex Econom'!D2) -> No service | E2: =IF(ISNUMBER('Rates from Ireland Fedex Econom'!E2),_xlfn.CEILING.MATH('Rates from Ireland Fedex Econom'!E2,1)+(IF($A2="EU",Variables!$B$6,IF($A2="N/A",0,Variables!$B$3))),'Rates from Ireland Fedex Econom'!E2) -> No service | F2: =IF(ISNUMBER('Rates from Ireland Fedex Econom'!F2),_xlfn.CEILING.MATH('Rates from Ireland Fedex Econom'!F2,1)+(IF($A2="EU",Variables!$B$6,IF($A2="N/A",0,Variables!$B$3))),'Rates from Ireland Fedex Econom'!F2) -> No service | G2: =IF(ISNUMBER('Rates from Ireland Fedex Econom'!G2),_xlfn.CEILING.MATH('Rates from Ireland Fedex Econom'!G2,1)+(IF($A2="EU",Variables!$B$6,IF($A2="N/A",0,Variables!$B$3))),'Rates from Ireland Fedex Econom'!G2) -> No service | H2: =IF(ISNUMBER('Rates from Ireland Fedex Econom'!H2),_xlfn.CEILING.MATH('Rates from Ireland Fedex Econom'!H2,1)+(IF($A2="EU",Variables!$B$6,IF($A2="N/A",0,Variables!$B$3))),'Rates from Ireland Fedex Econom'!H2) -> No service | I2: =IF(ISNUMBER('Rates from Ireland Fedex Econom'!I2),_xlfn.CEILING.MATH('Rates from Ireland Fedex Econom'!I2,1)+(IF($A2="EU",Variables!$B$6,IF($A2="N/A",0,Variables!$B$3))),'Rates from Ireland Fedex Econom'!I2) -> No service | J2: =IF(ISNUMBER('Rates from Ireland Fedex Econom'!J2),_xlfn.CEILING.MATH('Rates from Ireland Fedex Econom'!J2,1)+(IF($A2="EU",Variables!$B$6,IF($A2="N/A",0,Variables!$B$3))),'Rates from Ireland Fedex Econom'!J2) -> No service | K2: =IF(ISNUMBER('Rates from Ireland Fedex Econom'!K2),_xlfn.CEILING.MATH('Rates from Ireland Fedex Econom'!K2,1)+(IF($A2="EU",Variables!$B$6,IF($A2="N/A",0,Variables!$B$3))),'Rates from Ireland Fedex Econom'!K2) -> No service | L2: =IF(ISNUMBER('Rates from Ireland Fedex Econom'!L2),_xlfn.CEILING.MATH('Rates from Ireland Fedex Econom'!L2,1)+(IF($A2="EU",Variables!$B$6,IF($A2="N/A",0,Variables!$B$3))),'Rates from Ireland Fedex Econom'!L2) -> No service | ... N2: =IF(ISNUMBER('Rates from Ireland Fedex Econom'!N2),_xlfn.CEILING.MATH('Rates from Ireland Fedex Econom'!N2,1)+(IF($A2="EU",Variables!$B$6,IF($A2="N/A",0,Variables!$B$3))),'Rates from Ireland Fedex Econom'!N2) -> No service | O2: =IF('Rates from Ireland Fedex Econom'!O2="","",'Rates from Ireland Fedex Econom'!O2) | P2: =IF('Rates from Ireland Fedex Econom'!P2="","",'Rates from Ireland Fedex Econom'!P2) | Q2: =IF('Rates from Ireland Fedex Econom'!Q2="","",'Rates from Ireland Fedex Econom'!Q2) | R2: =IF('Rates from Ireland Fedex Econom'!R2="","",'Rates from Ireland Fedex Econom'!R2) | S2: =IF('Rates from Ireland Fedex Econom'!S2="","",'Rates from Ireland Fedex Econom'!S2) | T2: =IF('Rates from Ireland Fedex Econom'!T2="","",'Rates from Ireland Fedex Econom'!T2)
A3: =IF('Rates from Ireland Fedex Econom'!A3="","",'Rates from Ireland Fedex Econom'!A3) -> EU | B3: =IF('Rates from Ireland Fedex Econom'!B3="","",'Rates from Ireland Fedex Econom'!B3) -> Ireland | C3: =IF('Rates from Ireland Fedex Econom'!C3="","",'Rates from Ireland Fedex Econom'!C3) -> Albania | D3: =IF(ISNUMBER('Rates from Ireland Fedex Econom'!D3),_xlfn.CEILING.MATH('Rates from Ireland Fedex Econom'!D3,1)+(IF($A3="EU",Variables!$B$5,IF($A3="N/A",0,Variables!$B$2))),'Rates from Ireland Fedex Econom'!D3) -> 66 | E3: =IF(ISNUMBER('Rates from Ireland Fedex Econom'!E3),_xlfn.CEILING.MATH('Rates from Ireland Fedex Econom'!E3,1)+(IF($A3="EU",Variables!$B$6,IF($A3="N/A",0,Variables!$B$3))),'Rates from Ireland Fedex Econom'!E3) -> 81 | F3: =IF(ISNUMBER('Rates from Ireland Fedex Econom'!F3),_xlfn.CEILING.MATH('Rates from Ireland Fedex Econom'!F3,1)+(IF($A3="EU",Variables!$B$6,IF($A3="N/A",0,Variables!$B$3))),'Rates from Ireland Fedex Econom'!F3) -> 83 | G3: =IF(ISNUMBER('Rates from Ireland Fedex Econom'!G3),_xlfn.CEILING.MATH('Rates from Ireland Fedex Econom'!G3,1)+(IF($A3="EU",Variables!$B$6,IF($A3="N/A",0,Variables!$B$3))),'Rates from Ireland Fedex Econom'!G3) -> 91 | H3: =IF(ISNUMBER('Rates from Ireland Fedex Econom'!H3),_xlfn.CEILING.MATH('Rates from Ireland Fedex Econom'!H3,1)+(IF($A3="EU",Variables!$B$6,IF($A3="N/A",0,Variables!$B$3))),'Rates from Ireland Fedex Econom'!H3) -> 94 | I3: =IF(ISNUMBER('Rates from Ireland Fedex Econom'!I3),_xlfn.CEILING.MATH('Rates from Ireland Fedex Econom'!I3,1)+(IF($A3="EU",Variables!$B$6,IF($A3="N/A",0,Variables!$B$3))),'Rates from Ireland Fedex Econom'!I3) -> 100 | J3: =IF(ISNUMBER('Rates from Ireland Fedex Econom'!J3),_xlfn.CEILING.MATH('Rates from Ireland Fedex Econom'!J3,1)+(IF($A3="EU",Variables!$B$6,IF($A3="N/A",0,Variables!$B$3))),'Rates from Ireland Fedex Econom'!J3) -> 107 | K3: =IF(ISNUMBER('Rates from Ireland Fedex Econom'!K3),_xlfn.CEILING.MATH('Rates from Ireland Fedex Econom'!K3,1)+(IF($A3="EU",Variables!$B$6,IF($A3="N/A",0,Variables!$B$3))),'Rates from Ireland Fedex Econom'!K3) -> 114 | L3: =IF(ISNUMBER('Rates from Ireland Fedex Econom'!L3),_xlfn.CEILING.MATH('Rates from Ireland Fedex Econom'!L3,1)+(IF($A3="EU",Variables!$B$6,IF($A3="N/A",0,Variables!$B$3))),'Rates from Ireland Fedex Econom'!L3) -> 144 | ... N3: =IF(ISNUMBER('Rates from Ireland Fedex Econom'!N3),_xlfn.CEILING.MATH('Rates from Ireland Fedex Econom'!N3,1)+(IF($A3="EU",Variables!$B$6,IF($A3="N/A",0,Variables!$B$3))),'Rates from Ireland Fedex Econom'!N3) -> 160 | O3: =IF('Rates from Ireland Fedex Econom'!O3="","",'Rates from Ireland Fedex Econom'!O3) -> 8 Days | P3: =IF('Rates from Ireland Fedex Econom'!P3="","",'Rates from Ireland Fedex Econom'!P3) -> 9 Days | Q3: =IF('Rates from Ireland Fedex Econom'!Q3="","",'Rates from Ireland Fedex Econom'!Q3) -> 80 | R3: =IF('Rates from Ireland Fedex Econom'!R3="","",'Rates from Ireland Fedex Econom'!R3) -> 4/5* | S3: =IF('Rates from Ireland Fedex Econom'!S3="","",'Rates from Ireland Fedex Econom'!S3) -> FedEx Economy | T3: =IF('Rates from Ireland Fedex Econom'!T3="","",'Rates from Ireland Fedex Econom'!T3) -> Economy
A4: =IF('Rates from Ireland Fedex Econom'!A4="","",'Rates from Ireland Fedex Econom'!A4) -> EU | B4: =IF('Rates from Ireland Fedex Econom'!B4="","",'Rates from Ireland Fedex Econom'!B4) -> Ireland | C4: =IF('Rates from Ireland Fedex Econom'!C4="","",'Rates from Ireland Fedex Econom'!C4) -> Algeria | D4: =IF(ISNUMBER('Rates from Ireland Fedex Econom'!D4),_xlfn.CEILING.MATH('Rates from Ireland Fedex Econom'!D4,1)+(IF($A4="EU",Variables!$B$5,IF($A4="N/A",0,Variables!$B$2))),'Rates from Ireland Fedex Econom'!D4) -> 52 | E4: =IF(ISNUMBER('Rates from Ireland Fedex Econom'!E4),_xlfn.CEILING.MATH('Rates from Ireland Fedex Econom'!E4,1)+(IF($A4="EU",Variables!$B$6,IF($A4="N/A",0,Variables!$B$3))),'Rates from Ireland Fedex Econom'!E4) -> 68 | F4: =IF(ISNUMBER('Rates from Ireland Fedex Econom'!F4),_xlfn.CEILING.MATH('Rates from Ireland Fedex Econom'!F4,1)+(IF($A4="EU",Variables!$B$6,IF($A4="N/A",0,Variables!$B$3))),'Rates from Ireland Fedex Econom'!F4) -> 71 | G4: =IF(ISNUMBER('Rates from Ireland Fedex Econom'!G4),_xlfn.CEILING.MATH('Rates from Ireland Fedex Econom'!G4,1)+(IF($A4="EU",Variables!$B$6,IF($A4="N/A",0,Variables!$B$3))),'Rates from Ireland Fedex Econom'!G4) -> 82 | H4: =IF(ISNUMBER('Rates from Ireland Fedex Econom'!H4),_xlfn.CEILING.MATH('Rates from Ireland Fedex Econom'!H4,1)+(IF($A4="EU",Variables!$B$6,IF($A4="N/A",0,Variables!$B$3))),'Rates from Ireland Fedex Econom'!H4) -> 102 | I4: =IF(ISNUMBER('Rates from Ireland Fedex Econom'!I4),_xlfn.CEILING.MATH('Rates from Ireland Fedex Econom'!I4,1)+(IF($A4="EU",Variables!$B$6,IF($A4="N/A",0,Variables!$B$3))),'Rates from Ireland Fedex Econom'!I4) -> 152 | J4: =IF(ISNUMBER('Rates from Ireland Fedex Econom'!J4),_xlfn.CEILING.MATH('Rates from Ireland Fedex Econom'!J4,1)+(IF($A4="EU",Variables!$B$6,IF($A4="N/A",0,Variables!$B$3))),'Rates from Ireland Fedex Econom'!J4) -> 185 | K4: =IF(ISNUMBER('Rates from Ireland Fedex Econom'!K4),_xlfn.CEILING.MATH('Rates from Ireland Fedex Econom'!K4,1)+(IF($A4="EU",Variables!$B$6,IF($A4="N/A",0,Variables!$B$3))),'Rates from Ireland Fedex Econom'!K4) -> 221 | L4: =IF(ISNUMBER('Rates from Ireland Fedex Econom'!L4),_xlfn.CEILING.MATH('Rates from Ireland Fedex Econom'!L4,1)+(IF($A4="EU",Variables!$B$6,IF($A4="N/A",0,Variables!$B$3))),'Rates from Ireland Fedex Econom'!L4) -> 122 | ... N4: =IF(ISNUMBER('Rates from Ireland Fedex Econom'!N4),_xlfn.CEILING.MATH('Rates from Ireland Fedex Econom'!N4,1)+(IF($A4="EU",Variables!$B$6,IF($A4="N/A",0,Variables!$B$3))),'Rates from Ireland Fedex Econom'!N4) -> 271 | O4: =IF('Rates from Ireland Fedex Econom'!O4="","",'Rates from Ireland Fedex Econom'!O4) -> 3 Days | P4: =IF('Rates from Ireland Fedex Econom'!P4="","",'Rates from Ireland Fedex Econom'!P4) -> 3-4 Days | Q4: =IF('Rates from Ireland Fedex Econom'!Q4="","",'Rates from Ireland Fedex Econom'!Q4) -> 80 | R4: =IF('Rates from Ireland Fedex Econom'!R4="","",'Rates from Ireland Fedex Econom'!R4) -> 4/5* | S4: =IF('Rates from Ireland Fedex Econom'!S4="","",'Rates from Ireland Fedex Econom'!S4) -> FedEx Economy | T4: =IF('Rates from Ireland Fedex Econom'!T4="","",'Rates from Ireland Fedex Econom'!T4) -> Economy
A5: =IF('Rates from Ireland Fedex Econom'!A5="","",'Rates from Ireland Fedex Econom'!A5) -> EU | B5: =IF('Rates from Ireland Fedex Econom'!B5="","",'Rates from Ireland Fedex Econom'!B5) -> Ireland | C5: =IF('Rates from Ireland Fedex Econom'!C5="","",'Rates from Ireland Fedex Econom'!C5) -> American Samoa (US) | D5: =IF(ISNUMBER('Rates from Ireland Fedex Econom'!D5),_xlfn.CEILING.MATH('Rates from Ireland Fedex Econom'!D5,1)+(IF($A5="EU",Variables!$B$5,IF($A5="N/A",0,Variables!$B$2))),'Rates from Ireland Fedex Econom'!D5) -> 62 | E5: =IF(ISNUMBER('Rates from Ireland Fedex Econom'!E5),_xlfn.CEILING.MATH('Rates from Ireland Fedex Econom'!E5,1)+(IF($A5="EU",Variables!$B$6,IF($A5="N/A",0,Variables!$B$3))),'Rates from Ireland Fedex Econom'!E5) -> 79 | F5: =IF(ISNUMBER('Rates from Ireland Fedex Econom'!F5),_xlfn.CEILING.MATH('Rates from Ireland Fedex Econom'!F5,1)+(IF($A5="EU",Variables!$B$6,IF($A5="N/A",0,Variables!$B$3))),'Rates from Ireland Fedex Econom'!F5) -> 83 | G5: =IF(ISNUMBER('Rates from Ireland Fedex Econom'!G5),_xlfn.CEILING.MATH('Rates from Ireland Fedex Econom'!G5,1)+(IF($A5="EU",Variables!$B$6,IF($A5="N/A",0,Variables!$B$3))),'Rates from Ireland Fedex Econom'!G5) -> 98 | H5: =IF(ISNUMBER('Rates from Ireland Fedex Econom'!H5),_xlfn.CEILING.MATH('Rates from Ireland Fedex Econom'!H5,1)+(IF($A5="EU",Variables!$B$6,IF($A5="N/A",0,Variables!$B$3))),'Rates from Ireland Fedex Econom'!H5) -> No service | I5: =IF(ISNUMBER('Rates from Ireland Fedex Econom'!I5),_xlfn.CEILING.MATH('Rates from Ireland Fedex Econom'!I5,1)+(IF($A5="EU",Variables!$B$6,IF($A5="N/A",0,Variables!$B$3))),'Rates from Ireland Fedex Econom'!I5) -> No service | J5: =IF(ISNUMBER('Rates from Ireland Fedex Econom'!J5),_xlfn.CEILING.MATH('Rates from Ireland Fedex Econom'!J5,1)+(IF($A5="EU",Variables!$B$6,IF($A5="N/A",0,Variables!$B$3))),'Rates from Ireland Fedex Econom'!J5) -> No service | K5: =IF(ISNUMBER('Rates from Ireland Fedex Econom'!K5),_xlfn.CEILING.MATH('Rates from Ireland Fedex Econom'!K5,1)+(IF($A5="EU",Variables!$B$6,IF($A5="N/A",0,Variables!$B$3))),'Rates from Ireland Fedex Econom'!K5) -> No service | L5: =IF(ISNUMBER('Rates from Ireland Fedex Econom'!L5),_xlfn.CEILING.MATH('Rates from Ireland Fedex Econom'!L5,1)+(IF($A5="EU",Variables!$B$6,IF($A5="N/A",0,Variables!$B$3))),'Rates from Ireland Fedex Econom'!L5) -> No service | ... N5: =IF(ISNUMBER('Rates from Ireland Fedex Econom'!N5),_xlfn.CEILING.MATH('Rates from Ireland Fedex Econom'!N5,1)+(IF($A5="EU",Variables!$B$6,IF($A5="N/A",0,Variables!$B$3))),'Rates from Ireland Fedex Econom'!N5) -> No service | O5: =IF('Rates from Ireland Fedex Econom'!O5="","",'Rates from Ireland Fedex Econom'!O5) | P5: =IF('Rates from Ireland Fedex Econom'!P5="","",'Rates from Ireland Fedex Econom'!P5) | Q5: =IF('Rates from Ireland Fedex Econom'!Q5="","",'Rates from Ireland Fedex Econom'!Q5) | R5: =IF('Rates from Ireland Fedex Econom'!R5="","",'Rates from Ireland Fedex Econom'!R5) | S5: =IF('Rates from Ireland Fedex Econom'!S5="","",'Rates from Ireland Fedex Econom'!S5) -> FedEx Economy | T5: =IF('Rates from Ireland Fedex Econom'!T5="","",'Rates from Ireland Fedex Econom'!T5) -> Economy
A6: =IF('Rates from Ireland Fedex Econom'!A6="","",'Rates from Ireland Fedex Econom'!A6) -> EU | B6: =IF('Rates from Ireland Fedex Econom'!B6="","",'Rates from Ireland Fedex Econom'!B6) -> Ireland | C6: =IF('Rates from Ireland Fedex Econom'!C6="","",'Rates from Ireland Fedex Econom'!C6) -> Andorra | D6: =IF(ISNUMBER('Rates from Ireland Fedex Econom'!D6),_xlfn.CEILING.MATH('Rates from Ireland Fedex Econom'!D6,1)+(IF($A6="EU",Variables!$B$5,IF($A6="N/A",0,Variables!$B$2))),'Rates from Ireland Fedex Econom'!D6) -> 53 | E6: =IF(ISNUMBER('Rates from Ireland Fedex Econom'!E6),_xlfn.CEILING.MATH('Rates from Ireland Fedex Econom'!E6,1)+(IF($A6="EU",Variables!$B$6,IF($A6="N/A",0,Variables!$B$3))),'Rates from Ireland Fedex Econom'!E6) -> 65 | F6: =IF(ISNUMBER('Rates from Ireland Fedex Econom'!F6),_xlfn.CEILING.MATH('Rates from Ireland Fedex Econom'!F6,1)+(IF($A6="EU",Variables!$B$6,IF($A6="N/A",0,Variables!$B$3))),'Rates from Ireland Fedex Econom'!F6) -> 65 | G6: =IF(ISNUMBER('Rates from Ireland Fedex Econom'!G6),_xlfn.CEILING.MATH('Rates from Ireland Fedex Econom'!G6,1)+(IF($A6="EU",Variables!$B$6,IF($A6="N/A",0,Variables!$B$3))),'Rates from Ireland Fedex Econom'!G6) -> 66 | H6: =IF(ISNUMBER('Rates from Ireland Fedex Econom'!H6),_xlfn.CEILING.MATH('Rates from Ireland Fedex Econom'!H6,1)+(IF($A6="EU",Variables!$B$6,IF($A6="N/A",0,Variables!$B$3))),'Rates from Ireland Fedex Econom'!H6) -> 70 | I6: =IF(ISNUMBER('Rates from Ireland Fedex Econom'!I6),_xlfn.CEILING.MATH('Rates from Ireland Fedex Econom'!I6,1)+(IF($A6="EU",Variables!$B$6,IF($A6="N/A",0,Variables!$B$3))),'Rates from Ireland Fedex Econom'!I6) -> 75 | J6: =IF(ISNUMBER('Rates from Ireland Fedex Econom'!J6),_xlfn.CEILING.MATH('Rates from Ireland Fedex Econom'!J6,1)+(IF($A6="EU",Variables!$B$6,IF($A6="N/A",0,Variables!$B$3))),'Rates from Ireland Fedex Econom'!J6) -> 83 | K6: =IF(ISNUMBER('Rates from Ireland Fedex Econom'!K6),_xlfn.CEILING.MATH('Rates from Ireland Fedex Econom'!K6,1)+(IF($A6="EU",Variables!$B$6,IF($A6="N/A",0,Variables!$B$3))),'Rates from Ireland Fedex Econom'!K6) -> 87 | L6: =IF(ISNUMBER('Rates from Ireland Fedex Econom'!L6),_xlfn.CEILING.MATH('Rates from Ireland Fedex Econom'!L6,1)+(IF($A6="EU",Variables!$B$6,IF($A6="N/A",0,Variables!$B$3))),'Rates from Ireland Fedex Econom'!L6) -> 87 | ... N6: =IF(ISNUMBER('Rates from Ireland Fedex Econom'!N6),_xlfn.CEILING.MATH('Rates from Ireland Fedex Econom'!N6,1)+(IF($A6="EU",Variables!$B$6,IF($A6="N/A",0,Variables!$B$3))),'Rates from Ireland Fedex Econom'!N6) -> 114 | O6: =IF('Rates from Ireland Fedex Econom'!O6="","",'Rates from Ireland Fedex Econom'!O6) -> 6 Days | P6: =IF('Rates from Ireland Fedex Econom'!P6="","",'Rates from Ireland Fedex Econom'!P6) -> 8 Days | Q6: =IF('Rates from Ireland Fedex Econom'!Q6="","",'Rates from Ireland Fedex Econom'!Q6) -> 80 | R6: =IF('Rates from Ireland Fedex Econom'!R6="","",'Rates from Ireland Fedex Econom'!R6) -> 4/5* | S6: =IF('Rates from Ireland Fedex Econom'!S6="","",'Rates from Ireland Fedex Econom'!S6) -> FedEx Economy | T6: =IF('Rates from Ireland Fedex Econom'!T6="","",'Rates from Ireland Fedex Econom'!T6) -> Economy
A7: =IF('Rates from Ireland Fedex Econom'!A7="","",'Rates from Ireland Fedex Econom'!A7) -> EU | B7: =IF('Rates from Ireland Fedex Econom'!B7="","",'Rates from Ireland Fedex Econom'!B7) -> Ireland | C7: =IF('Rates from Ireland Fedex Econom'!C7="","",'Rates from Ireland Fedex Econom'!C7) -> Angola | D7: =IF(ISNUMBER('Rates from Ireland Fedex Econom'!D7),_xlfn.CEILING.MATH('Rates from Ireland Fedex Econom'!D7,1)+(IF($A7="EU",Variables!$B$5,IF($A7="N/A",0,Variables!$B$2))),'Rates from Ireland Fedex Econom'!D7) -> 62 | E7: =IF(ISNUMBER('Rates from Ireland Fedex Econom'!E7),_xlfn.CEILING.MATH('Rates from Ireland Fedex Econom'!E7,1)+(IF($A7="EU",Variables!$B$6,IF($A7="N/A",0,Variables!$B$3))),'Rates from Ireland Fedex Econom'!E7) -> 79 | F7: =IF(ISNUMBER('Rates from Ireland Fedex Econom'!F7),_xlfn.CEILING.MATH('Rates from Ireland Fedex Econom'!F7,1)+(IF($A7="EU",Variables!$B$6,IF($A7="N/A",0,Variables!$B$3))),'Rates from Ireland Fedex Econom'!F7) -> 83 | G7: =IF(ISNUMBER('Rates from Ireland Fedex Econom'!G7),_xlfn.CEILING.MATH('Rates from Ireland Fedex Econom'!G7,1)+(IF($A7="EU",Variables!$B$6,IF($A7="N/A",0,Variables!$B$3))),'Rates from Ireland Fedex Econom'!G7) -> 98 | H7: =IF(ISNUMBER('Rates from Ireland Fedex Econom'!H7),_xlfn.CEILING.MATH('Rates from Ireland Fedex Econom'!H7,1)+(IF($A7="EU",Variables!$B$6,IF($A7="N/A",0,Variables!$B$3))),'Rates from Ireland Fedex Econom'!H7) -> 120 | I7: =IF(ISNUMBER('Rates from Ireland Fedex Econom'!I7),_xlfn.CEILING.MATH('Rates from Ireland Fedex Econom'!I7,1)+(IF($A7="EU",Variables!$B$6,IF($A7="N/A",0,Variables!$B$3))),'Rates from Ireland Fedex Econom'!I7) -> 207 | J7: =IF(ISNUMBER('Rates from Ireland Fedex Econom'!J7),_xlfn.CEILING.MATH('Rates from Ireland Fedex Econom'!J7,1)+(IF($A7="EU",Variables!$B$6,IF($A7="N/A",0,Variables!$B$3))),'Rates from Ireland Fedex Econom'!J7) -> 257 | K7: =IF(ISNUMBER('Rates from Ireland Fedex Econom'!K7),_xlfn.CEILING.MATH('Rates from Ireland Fedex Econom'!K7,1)+(IF($A7="EU",Variables!$B$6,IF($A7="N/A",0,Variables!$B$3))),'Rates from Ireland Fedex Econom'!K7) -> 307 | L7: =IF(ISNUMBER('Rates from Ireland Fedex Econom'!L7),_xlfn.CEILING.MATH('Rates from Ireland Fedex Econom'!L7,1)+(IF($A7="EU",Variables!$B$6,IF($A7="N/A",0,Variables!$B$3))),'Rates from Ireland Fedex Econom'!L7) -> 140 | ... N7: =IF(ISNUMBER('Rates from Ireland Fedex Econom'!N7),_xlfn.CEILING.MATH('Rates from Ireland Fedex Econom'!N7,1)+(IF($A7="EU",Variables!$B$6,IF($A7="N/A",0,Variables!$B$3))),'Rates from Ireland Fedex Econom'!N7) -> 376 | O7: =IF('Rates from Ireland Fedex Econom'!O7="","",'Rates from Ireland Fedex Econom'!O7) -> 2-4 Days | P7: =IF('Rates from Ireland Fedex Econom'!P7="","",'Rates from Ireland Fedex Econom'!P7) -> 2-5 Days | Q7: =IF('Rates from Ireland Fedex Econom'!Q7="","",'Rates from Ireland Fedex Econom'!Q7) -> 80 | R7: =IF('Rates from Ireland Fedex Econom'!R7="","",'Rates from Ireland Fedex Econom'!R7) -> 4/5* | S7: =IF('Rates from Ireland Fedex Econom'!S7="","",'Rates from Ireland Fedex Econom'!S7) -> FedEx Economy | T7: =IF('Rates from Ireland Fedex Econom'!T7="","",'Rates from Ireland Fedex Econom'!T7) -> Economy
A8: =IF('Rates from Ireland Fedex Econom'!A8="","",'Rates from Ireland Fedex Econom'!A8) -> EU | B8: =IF('Rates from Ireland Fedex Econom'!B8="","",'Rates from Ireland Fedex Econom'!B8) -> Ireland | C8: =IF('Rates from Ireland Fedex Econom'!C8="","",'Rates from Ireland Fedex Econom'!C8) -> Anguilla | D8: =IF(ISNUMBER('Rates from Ireland Fedex Econom'!D8),_xlfn.CEILING.MATH('Rates from Ireland Fedex Econom'!D8,1)+(IF($A8="EU",Variables!$B$5,IF($A8="N/A",0,Variables!$B$2))),'Rates from Ireland Fedex Econom'!D8) -> 58 | E8: =IF(ISNUMBER('Rates from Ireland Fedex Econom'!E8),_xlfn.CEILING.MATH('Rates from Ireland Fedex Econom'!E8,1)+(IF($A8="EU",Variables!$B$6,IF($A8="N/A",0,Variables!$B$3))),'Rates from Ireland Fedex Econom'!E8) -> 74 | F8: =IF(ISNUMBER('Rates from Ireland Fedex Econom'!F8),_xlfn.CEILING.MATH('Rates from Ireland Fedex Econom'!F8,1)+(IF($A8="EU",Variables!$B$6,IF($A8="N/A",0,Variables!$B$3))),'Rates from Ireland Fedex Econom'!F8) -> 78 | G8: =IF(ISNUMBER('Rates from Ireland Fedex Econom'!G8),_xlfn.CEILING.MATH('Rates from Ireland Fedex Econom'!G8,1)+(IF($A8="EU",Variables!$B$6,IF($A8="N/A",0,Variables!$B$3))),'Rates from Ireland Fedex Econom'!G8) -> 90 | H8: =IF(ISNUMBER('Rates from Ireland Fedex Econom'!H8),_xlfn.CEILING.MATH('Rates from Ireland Fedex Econom'!H8,1)+(IF($A8="EU",Variables!$B$6,IF($A8="N/A",0,Variables!$B$3))),'Rates from Ireland Fedex Econom'!H8) -> 107 | I8: =IF(ISNUMBER('Rates from Ireland Fedex Econom'!I8),_xlfn.CEILING.MATH('Rates from Ireland Fedex Econom'!I8,1)+(IF($A8="EU",Variables!$B$6,IF($A8="N/A",0,Variables!$B$3))),'Rates from Ireland Fedex Econom'!I8) -> 188 | J8: =IF(ISNUMBER('Rates from Ireland Fedex Econom'!J8),_xlfn.CEILING.MATH('Rates from Ireland Fedex Econom'!J8,1)+(IF($A8="EU",Variables!$B$6,IF($A8="N/A",0,Variables!$B$3))),'Rates from Ireland Fedex Econom'!J8) -> 239 | K8: =IF(ISNUMBER('Rates from Ireland Fedex Econom'!K8),_xlfn.CEILING.MATH('Rates from Ireland Fedex Econom'!K8,1)+(IF($A8="EU",Variables!$B$6,IF($A8="N/A",0,Variables!$B$3))),'Rates from Ireland Fedex Econom'!K8) -> 258 | L8: =IF(ISNUMBER('Rates from Ireland Fedex Econom'!L8),_xlfn.CEILING.MATH('Rates from Ireland Fedex Econom'!L8,1)+(IF($A8="EU",Variables!$B$6,IF($A8="N/A",0,Variables!$B$3))),'Rates from Ireland Fedex Econom'!L8) -> 127 | ... N8: =IF(ISNUMBER('Rates from Ireland Fedex Econom'!N8),_xlfn.CEILING.MATH('Rates from Ireland Fedex Econom'!N8,1)+(IF($A8="EU",Variables!$B$6,IF($A8="N/A",0,Variables!$B$3))),'Rates from Ireland Fedex Econom'!N8) -> 351 | O8: =IF('Rates from Ireland Fedex Econom'!O8="","",'Rates from Ireland Fedex Econom'!O8) -> 7 Days | P8: =IF('Rates from Ireland Fedex Econom'!P8="","",'Rates from Ireland Fedex Econom'!P8) -> 12-14 Days | Q8: =IF('Rates from Ireland Fedex Econom'!Q8="","",'Rates from Ireland Fedex Econom'!Q8) -> 80 | R8: =IF('Rates from Ireland Fedex Econom'!R8="","",'Rates from Ireland Fedex Econom'!R8) -> 4/5* | S8: =IF('Rates from Ireland Fedex Econom'!S8="","",'Rates from Ireland Fedex Econom'!S8) -> FedEx Economy | T8: =IF('Rates from Ireland Fedex Econom'!T8="","",'Rates from Ireland Fedex Econom'!T8) -> Economy
A9: =IF('Rates from Ireland Fedex Econom'!A9="","",'Rates from Ireland Fedex Econom'!A9) -> EU | B9: =IF('Rates from Ireland Fedex Econom'!B9="","",'Rates from Ireland Fedex Econom'!B9) -> Ireland | C9: =IF('Rates from Ireland Fedex Econom'!C9="","",'Rates from Ireland Fedex Econom'!C9) -> Antigua and Barbuda | D9: =IF(ISNUMBER('Rates from Ireland Fedex Econom'!D9),_xlfn.CEILING.MATH('Rates from Ireland Fedex Econom'!D9,1)+(IF($A9="EU",Variables!$B$5,IF($A9="N/A",0,Variables!$B$2))),'Rates from Ireland Fedex Econom'!D9) -> 58 | E9: =IF(ISNUMBER('Rates from Ireland Fedex Econom'!E9),_xlfn.CEILING.MATH('Rates from Ireland Fedex Econom'!E9,1)+(IF($A9="EU",Variables!$B$6,IF($A9="N/A",0,Variables!$B$3))),'Rates from Ireland Fedex Econom'!E9) -> 74 | F9: =IF(ISNUMBER('Rates from Ireland Fedex Econom'!F9),_xlfn.CEILING.MATH('Rates from Ireland Fedex Econom'!F9,1)+(IF($A9="EU",Variables!$B$6,IF($A9="N/A",0,Variables!$B$3))),'Rates from Ireland Fedex Econom'!F9) -> 78 | G9: =IF(ISNUMBER('Rates from Ireland Fedex Econom'!G9),_xlfn.CEILING.MATH('Rates from Ireland Fedex Econom'!G9,1)+(IF($A9="EU",Variables!$B$6,IF($A9="N/A",0,Variables!$B$3))),'Rates from Ireland Fedex Econom'!G9) -> 90 | H9: =IF(ISNUMBER('Rates from Ireland Fedex Econom'!H9),_xlfn.CEILING.MATH('Rates from Ireland Fedex Econom'!H9,1)+(IF($A9="EU",Variables!$B$6,IF($A9="N/A",0,Variables!$B$3))),'Rates from Ireland Fedex Econom'!H9) -> 107 | I9: =IF(ISNUMBER('Rates from Ireland Fedex Econom'!I9),_xlfn.CEILING.MATH('Rates from Ireland Fedex Econom'!I9,1)+(IF($A9="EU",Variables!$B$6,IF($A9="N/A",0,Variables!$B$3))),'Rates from Ireland Fedex Econom'!I9) -> 188 | J9: =IF(ISNUMBER('Rates from Ireland Fedex Econom'!J9),_xlfn.CEILING.MATH('Rates from Ireland Fedex Econom'!J9,1)+(IF($A9="EU",Variables!$B$6,IF($A9="N/A",0,Variables!$B$3))),'Rates from Ireland Fedex Econom'!J9) -> 239 | K9: =IF(ISNUMBER('Rates from Ireland Fedex Econom'!K9),_xlfn.CEILING.MATH('Rates from Ireland Fedex Econom'!K9,1)+(IF($A9="EU",Variables!$B$6,IF($A9="N/A",0,Variables!$B$3))),'Rates from Ireland Fedex Econom'!K9) -> 258 | L9: =IF(ISNUMBER('Rates from Ireland Fedex Econom'!L9),_xlfn.CEILING.MATH('Rates from Ireland Fedex Econom'!L9,1)+(IF($A9="EU",Variables!$B$6,IF($A9="N/A",0,Variables!$B$3))),'Rates from Ireland Fedex Econom'!L9) -> 127 | ... N9: =IF(ISNUMBER('Rates from Ireland Fedex Econom'!N9),_xlfn.CEILING.MATH('Rates from Ireland Fedex Econom'!N9,1)+(IF($A9="EU",Variables!$B$6,IF($A9="N/A",0,Variables!$B$3))),'Rates from Ireland Fedex Econom'!N9) -> 351 | O9: =IF('Rates from Ireland Fedex Econom'!O9="","",'Rates from Ireland Fedex Econom'!O9) -> 5 Days | P9: =IF('Rates from Ireland Fedex Econom'!P9="","",'Rates from Ireland Fedex Econom'!P9) -> 8 Days | Q9: =IF('Rates from Ireland Fedex Econom'!Q9="","",'Rates from Ireland Fedex Econom'!Q9) -> 80 | R9: =IF('Rates from Ireland Fedex Econom'!R9="","",'Rates from Ireland Fedex Econom'!R9) -> 4/5* | S9: =IF('Rates from Ireland Fedex Econom'!S9="","",'Rates from Ireland Fedex Econom'!S9) -> FedEx Economy | T9: =IF('Rates from Ireland Fedex Econom'!T9="","",'Rates from Ireland Fedex Econom'!T9) -> Economy
A10: =IF('Rates from Ireland Fedex Econom'!A10="","",'Rates from Ireland Fedex Econom'!A10) -> EU | B10: =IF('Rates from Ireland Fedex Econom'!B10="","",'Rates from Ireland Fedex Econom'!B10) -> Ireland | C10: =IF('Rates from Ireland Fedex Econom'!C10="","",'Rates from Ireland Fedex Econom'!C10) -> Argentina | D10: =IF(ISNUMBER('Rates from Ireland Fedex Econom'!D10),_xlfn.CEILING.MATH('Rates from Ireland Fedex Econom'!D10,1)+(IF($A10="EU",Variables!$B$5,IF($A10="N/A",0,Variables!$B$2))),'Rates from Ireland Fedex Econom'!D10) -> 58 | E10: =IF(ISNUMBER('Rates from Ireland Fedex Econom'!E10),_xlfn.CEILING.MATH('Rates from Ireland Fedex Econom'!E10,1)+(IF($A10="EU",Variables!$B$6,IF($A10="N/A",0,Variables!$B$3))),'Rates from Ireland Fedex Econom'!E10) -> 74 | F10: =IF(ISNUMBER('Rates from Ireland Fedex Econom'!F10),_xlfn.CEILING.MATH('Rates from Ireland Fedex Econom'!F10,1)+(IF($A10="EU",Variables!$B$6,IF($A10="N/A",0,Variables!$B$3))),'Rates from Ireland Fedex Econom'!F10) -> 78 | G10: =IF(ISNUMBER('Rates from Ireland Fedex Econom'!G10),_xlfn.CEILING.MATH('Rates from Ireland Fedex Econom'!G10,1)+(IF($A10="EU",Variables!$B$6,IF($A10="N/A",0,Variables!$B$3))),'Rates from Ireland Fedex Econom'!G10) -> 90 | H10: =IF(ISNUMBER('Rates from Ireland Fedex Econom'!H10),_xlfn.CEILING.MATH('Rates from Ireland Fedex Econom'!H10,1)+(IF($A10="EU",Variables!$B$6,IF($A10="N/A",0,Variables!$B$3))),'Rates from Ireland Fedex Econom'!H10) -> 107 | I10: =IF(ISNUMBER('Rates from Ireland Fedex Econom'!I10),_xlfn.CEILING.MATH('Rates from Ireland Fedex Econom'!I10,1)+(IF($A10="EU",Variables!$B$6,IF($A10="N/A",0,Variables!$B$3))),'Rates from Ireland Fedex Econom'!I10) -> 188 | J10: =IF(ISNUMBER('Rates from Ireland Fedex Econom'!J10),_xlfn.CEILING.MATH('Rates from Ireland Fedex Econom'!J10,1)+(IF($A10="EU",Variables!$B$6,IF($A10="N/A",0,Variables!$B$3))),'Rates from Ireland Fedex Econom'!J10) -> 239 | K10: =IF(ISNUMBER('Rates from Ireland Fedex Econom'!K10),_xlfn.CEILING.MATH('Rates from Ireland Fedex Econom'!K10,1)+(IF($A10="EU",Variables!$B$6,IF($A10="N/A",0,Variables!$B$3))),'Rates from Ireland Fedex Econom'!K10) -> 258 | L10: =IF(ISNUMBER('Rates from Ireland Fedex Econom'!L10),_xlfn.CEILING.MATH('Rates from Ireland Fedex Econom'!L10,1)+(IF($A10="EU",Variables!$B$6,IF($A10="N/A",0,Variables!$B$3))),'Rates from Ireland Fedex Econom'!L10) -> 127 | ... N10: =IF(ISNUMBER('Rates from Ireland Fedex Econom'!N10),_xlfn.CEILING.MATH('Rates from Ireland Fedex Econom'!N10,1)+(IF($A10="EU",Variables!$B$6,IF($A10="N/A",0,Variables!$B$3))),'Rates from Ireland Fedex Econom'!N10) -> 351 | O10: =IF('Rates from Ireland Fedex Econom'!O10="","",'Rates from Ireland Fedex Econom'!O10) -> 5 Days | P10: =IF('Rates from Ireland Fedex Econom'!P10="","",'Rates from Ireland Fedex Econom'!P10) -> 8 Days | Q10: =IF('Rates from Ireland Fedex Econom'!Q10="","",'Rates from Ireland Fedex Econom'!Q10) -> 80 | R10: =IF('Rates from Ireland Fedex Econom'!R10="","",'Rates from Ireland Fedex Econom'!R10) -> 4/5* | S10: =IF('Rates from Ireland Fedex Econom'!S10="","",'Rates from Ireland Fedex Econom'!S10) -> FedEx Economy | T10: =IF('Rates from Ireland Fedex Econom'!T10="","",'Rates from Ireland Fedex Econom'!T10) -> Economy
A11: =IF('Rates from Ireland Fedex Econom'!A11="","",'Rates from Ireland Fedex Econom'!A11) -> EU | B11: =IF('Rates from Ireland Fedex Econom'!B11="","",'Rates from Ireland Fedex Econom'!B11) -> Ireland | C11: =IF('Rates from Ireland Fedex Econom'!C11="","",'Rates from Ireland Fedex Econom'!C11) -> Armenia | D11: =IF(ISNUMBER('Rates from Ireland Fedex Econom'!D11),_xlfn.CEILING.MATH('Rates from Ireland Fedex Econom'!D11,1)+(IF($A11="EU",Variables!$B$5,IF($A11="N/A",0,Variables!$B$2))),'Rates from Ireland Fedex Econom'!D11) -> 52 | E11: =IF(ISNUMBER('Rates from Ireland Fedex Econom'!E11),_xlfn.CEILING.MATH('Rates from Ireland Fedex Econom'!E11,1)+(IF($A11="EU",Variables!$B$6,IF($A11="N/A",0,Variables!$B$3))),'Rates from Ireland Fedex Econom'!E11) -> 68 | F11: =IF(ISNUMBER('Rates from Ireland Fedex Econom'!F11),_xlfn.CEILING.MATH('Rates from Ireland Fedex Econom'!F11,1)+(IF($A11="EU",Variables!$B$6,IF($A11="N/A",0,Variables!$B$3))),'Rates from Ireland Fedex Econom'!F11) -> 71 | G11: =IF(ISNUMBER('Rates from Ireland Fedex Econom'!G11),_xlfn.CEILING.MATH('Rates from Ireland Fedex Econom'!G11,1)+(IF($A11="EU",Variables!$B$6,IF($A11="N/A",0,Variables!$B$3))),'Rates from Ireland Fedex Econom'!G11) -> 82 | H11: =IF(ISNUMBER('Rates from Ireland Fedex Econom'!H11),_xlfn.CEILING.MATH('Rates from Ireland Fedex Econom'!H11,1)+(IF($A11="EU",Variables!$B$6,IF($A11="N/A",0,Variables!$B$3))),'Rates from Ireland Fedex Econom'!H11) -> 102 | I11: =IF(ISNUMBER('Rates from Ireland Fedex Econom'!I11),_xlfn.CEILING.MATH('Rates from Ireland Fedex Econom'!I11,1)+(IF($A11="EU",Variables!$B$6,IF($A11="N/A",0,Variables!$B$3))),'Rates from Ireland Fedex Econom'!I11) -> 152 | J11: =IF(ISNUMBER('Rates from Ireland Fedex Econom'!J11),_xlfn.CEILING.MATH('Rates from Ireland Fedex Econom'!J11,1)+(IF($A11="EU",Variables!$B$6,IF($A11="N/A",0,Variables!$B$3))),'Rates from Ireland Fedex Econom'!J11) -> 185 | K11: =IF(ISNUMBER('Rates from Ireland Fedex Econom'!K11),_xlfn.CEILING.MATH('Rates from Ireland Fedex Econom'!K11,1)+(IF($A11="EU",Variables!$B$6,IF($A11="N/A",0,Variables!$B$3))),'Rates from Ireland Fedex Econom'!K11) -> 221 | L11: =IF(ISNUMBER('Rates from Ireland Fedex Econom'!L11),_xlfn.CEILING.MATH('Rates from Ireland Fedex Econom'!L11,1)+(IF($A11="EU",Variables!$B$6,IF($A11="N/A",0,Variables!$B$3))),'Rates from Ireland Fedex Econom'!L11) -> 132 | ... N11: =IF(ISNUMBER('Rates from Ireland Fedex Econom'!N11),_xlfn.CEILING.MATH('Rates from Ireland Fedex Econom'!N11,1)+(IF($A11="EU",Variables!$B$6,IF($A11="N/A",0,Variables!$B$3))),'Rates from Ireland Fedex Econom'!N11) -> 291 | O11: =IF('Rates from Ireland Fedex Econom'!O11="","",'Rates from Ireland Fedex Econom'!O11) -> 3 Days | P11: =IF('Rates from Ireland Fedex Econom'!P11="","",'Rates from Ireland Fedex Econom'!P11) -> 3-4 Days | Q11: =IF('Rates from Ireland Fedex Econom'!Q11="","",'Rates from Ireland Fedex Econom'!Q11) -> 80 | R11: =IF('Rates from Ireland Fedex Econom'!R11="","",'Rates from Ireland Fedex Econom'!R11) -> 4/5* | S11: =IF('Rates from Ireland Fedex Econom'!S11="","",'Rates from Ireland Fedex Econom'!S11) -> FedEx Economy | T11: =IF('Rates from Ireland Fedex Econom'!T11="","",'Rates from Ireland Fedex Econom'!T11) -> Economy
A12: =IF('Rates from Ireland Fedex Econom'!A12="","",'Rates from Ireland Fedex Econom'!A12) -> EU | B12: =IF('Rates from Ireland Fedex Econom'!B12="","",'Rates from Ireland Fedex Econom'!B12) -> Ireland | C12: =IF('Rates from Ireland Fedex Econom'!C12="","",'Rates from Ireland Fedex Econom'!C12) -> Aruba (Netherlands) | D12: =IF(ISNUMBER('Rates from Ireland Fedex Econom'!D12),_xlfn.CEILING.MATH('Rates from Ireland Fedex Econom'!D12,1)+(IF($A12="EU",Variables!$B$5,IF($A12="N/A",0,Variables!$B$2))),'Rates from Ireland Fedex Econom'!D12) -> 58 | E12: =IF(ISNUMBER('Rates from Ireland Fedex Econom'!E12),_xlfn.CEILING.MATH('Rates from Ireland Fedex Econom'!E12,1)+(IF($A12="EU",Variables!$B$6,IF($A12="N/A",0,Variables!$B$3))),'Rates from Ireland Fedex Econom'!E12) -> 74 | F12: =IF(ISNUMBER('Rates from Ireland Fedex Econom'!F12),_xlfn.CEILING.MATH('Rates from Ireland Fedex Econom'!F12,1)+(IF($A12="EU",Variables!$B$6,IF($A12="N/A",0,Variables!$B$3))),'Rates from Ireland Fedex Econom'!F12) -> 78 | G12: =IF(ISNUMBER('Rates from Ireland Fedex Econom'!G12),_xlfn.CEILING.MATH('Rates from Ireland Fedex Econom'!G12,1)+(IF($A12="EU",Variables!$B$6,IF($A12="N/A",0,Variables!$B$3))),'Rates from Ireland Fedex Econom'!G12) -> 90 | H12: =IF(ISNUMBER('Rates from Ireland Fedex Econom'!H12),_xlfn.CEILING.MATH('Rates from Ireland Fedex Econom'!H12,1)+(IF($A12="EU",Variables!$B$6,IF($A12="N/A",0,Variables!$B$3))),'Rates from Ireland Fedex Econom'!H12) -> 107 | I12: =IF(ISNUMBER('Rates from Ireland Fedex Econom'!I12),_xlfn.CEILING.MATH('Rates from Ireland Fedex Econom'!I12,1)+(IF($A12="EU",Variables!$B$6,IF($A12="N/A",0,Variables!$B$3))),'Rates from Ireland Fedex Econom'!I12) -> 188 | J12: =IF(ISNUMBER('Rates from Ireland Fedex Econom'!J12),_xlfn.CEILING.MATH('Rates from Ireland Fedex Econom'!J12,1)+(IF($A12="EU",Variables!$B$6,IF($A12="N/A",0,Variables!$B$3))),'Rates from Ireland Fedex Econom'!J12) -> 239 | K12: =IF(ISNUMBER('Rates from Ireland Fedex Econom'!K12),_xlfn.CEILING.MATH('Rates from Ireland Fedex Econom'!K12,1)+(IF($A12="EU",Variables!$B$6,IF($A12="N/A",0,Variables!$B$3))),'Rates from Ireland Fedex Econom'!K12) -> 258 | L12: =IF(ISNUMBER('Rates from Ireland Fedex Econom'!L12),_xlfn.CEILING.MATH('Rates from Ireland Fedex Econom'!L12,1)+(IF($A12="EU",Variables!$B$6,IF($A12="N/A",0,Variables!$B$3))),'Rates from Ireland Fedex Econom'!L12) -> 127 | ... N12: =IF(ISNUMBER('Rates from Ireland Fedex Econom'!N12),_xlfn.CEILING.MATH('Rates from Ireland Fedex Econom'!N12,1)+(IF($A12="EU",Variables!$B$6,IF($A12="N/A",0,Variables!$B$3))),'Rates from Ireland Fedex Econom'!N12) -> 351 | O12: =IF('Rates from Ireland Fedex Econom'!O12="","",'Rates from Ireland Fedex Econom'!O12) -> 5 Days | P12: =IF('Rates from Ireland Fedex Econom'!P12="","",'Rates from Ireland Fedex Econom'!P12) -> 8 Days | Q12: =IF('Rates from Ireland Fedex Econom'!Q12="","",'Rates from Ireland Fedex Econom'!Q12) -> 80 | R12: =IF('Rates from Ireland Fedex Econom'!R12="","",'Rates from Ireland Fedex Econom'!R12) -> 4/5* | S12: =IF('Rates from Ireland Fedex Econom'!S12="","",'Rates from Ireland Fedex Econom'!S12) -> FedEx Economy | T12: =IF('Rates from Ireland Fedex Econom'!T12="","",'Rates from Ireland Fedex Econom'!T12) -> Economy
A13: =IF('Rates from Ireland Fedex Econom'!A13="","",'Rates from Ireland Fedex Econom'!A13) -> EU | B13: =IF('Rates from Ireland Fedex Econom'!B13="","",'Rates from Ireland Fedex Econom'!B13) -> Ireland | C13: =IF('Rates from Ireland Fedex Econom'!C13="","",'Rates from Ireland Fedex Econom'!C13) -> Australia | D13: =IF(ISNUMBER('Rates from Ireland Fedex Econom'!D13),_xlfn.CEILING.MATH('Rates from Ireland Fedex Econom'!D13,1)+(IF($A13="EU",Variables!$B$5,IF($A13="N/A",0,Variables!$B$2))),'Rates from Ireland Fedex Econom'!D13) -> 78 | E13: =IF(ISNUMBER('Rates from Ireland Fedex Econom'!E13),_xlfn.CEILING.MATH('Rates from Ireland Fedex Econom'!E13,1)+(IF($A13="EU",Variables!$B$6,IF($A13="N/A",0,Variables!$B$3))),'Rates from Ireland Fedex Econom'!E13) -> 96 | F13: =IF(ISNUMBER('Rates from Ireland Fedex Econom'!F13),_xlfn.CEILING.MATH('Rates from Ireland Fedex Econom'!F13,1)+(IF($A13="EU",Variables!$B$6,IF($A13="N/A",0,Variables!$B$3))),'Rates from Ireland Fedex Econom'!F13) -> 103 | G13: =IF(ISNUMBER('Rates from Ireland Fedex Econom'!G13),_xlfn.CEILING.MATH('Rates from Ireland Fedex Econom'!G13,1)+(IF($A13="EU",Variables!$B$6,IF($A13="N/A",0,Variables!$B$3))),'Rates from Ireland Fedex Econom'!G13) -> 132 | H13: =IF(ISNUMBER('Rates from Ireland Fedex Econom'!H13),_xlfn.CEILING.MATH('Rates from Ireland Fedex Econom'!H13,1)+(IF($A13="EU",Variables!$B$6,IF($A13="N/A",0,Variables!$B$3))),'Rates from Ireland Fedex Econom'!H13) -> 168 | I13: =IF(ISNUMBER('Rates from Ireland Fedex Econom'!I13),_xlfn.CEILING.MATH('Rates from Ireland Fedex Econom'!I13,1)+(IF($A13="EU",Variables!$B$6,IF($A13="N/A",0,Variables!$B$3))),'Rates from Ireland Fedex Econom'!I13) -> 233 | J13: =IF(ISNUMBER('Rates from Ireland Fedex Econom'!J13),_xlfn.CEILING.MATH('Rates from Ireland Fedex Econom'!J13,1)+(IF($A13="EU",Variables!$B$6,IF($A13="N/A",0,Variables!$B$3))),'Rates from Ireland Fedex Econom'!J13) -> 293 | K13: =IF(ISNUMBER('Rates from Ireland Fedex Econom'!K13),_xlfn.CEILING.MATH('Rates from Ireland Fedex Econom'!K13,1)+(IF($A13="EU",Variables!$B$6,IF($A13="N/A",0,Variables!$B$3))),'Rates from Ireland Fedex Econom'!K13) -> 352 | L13: =IF(ISNUMBER('Rates from Ireland Fedex Econom'!L13),_xlfn.CEILING.MATH('Rates from Ireland Fedex Econom'!L13,1)+(IF($A13="EU",Variables!$B$6,IF($A13="N/A",0,Variables!$B$3))),'Rates from Ireland Fedex Econom'!L13) -> 188 | ... N13: =IF(ISNUMBER('Rates from Ireland Fedex Econom'!N13),_xlfn.CEILING.MATH('Rates from Ireland Fedex Econom'!N13,1)+(IF($A13="EU",Variables!$B$6,IF($A13="N/A",0,Variables!$B$3))),'Rates from Ireland Fedex Econom'!N13) -> 432 | O13: =IF('Rates from Ireland Fedex Econom'!O13="","",'Rates from Ireland Fedex Econom'!O13) -> 5 Days | P13: =IF('Rates from Ireland Fedex Econom'!P13="","",'Rates from Ireland Fedex Econom'!P13) -> 8 Days | Q13: =IF('Rates from Ireland Fedex Econom'!Q13="","",'Rates from Ireland Fedex Econom'!Q13) -> 80 | R13: =IF('Rates from Ireland Fedex Econom'!R13="","",'Rates from Ireland Fedex Econom'!R13) -> 4/5* | S13: =IF('Rates from Ireland Fedex Econom'!S13="","",'Rates from Ireland Fedex Econom'!S13) -> FedEx Economy | T13: =IF('Rates from Ireland Fedex Econom'!T13="","",'Rates from Ireland Fedex Econom'!T13) -> Economy
... A250: =IF('Rates from Ireland Fedex Econom'!A250="","",'Rates from Ireland Fedex Econom'!A250) -> EU | B250: =IF('Rates from Ireland Fedex Econom'!B250="","",'Rates from Ireland Fedex Econom'!B250) -> Ireland | C250: =IF('Rates from Ireland Fedex Econom'!C250="","",'Rates from Ireland Fedex Econom'!C250) -> Zimbabwe | D250: =IF(ISNUMBER('Rates from Ireland Fedex Econom'!D250),_xlfn.CEILING.MATH('Rates from Ireland Fedex Econom'!D250,1)+(IF($A250="EU",Variables!$B$5,IF($A250="N/A",0,Variables!$B$2))),'Rates from Ireland Fedex Econom'!D250) -> 65 | E250: =IF(ISNUMBER('Rates from Ireland Fedex Econom'!E250),_xlfn.CEILING.MATH('Rates from Ireland Fedex Econom'!E250,1)+(IF($A250="EU",Variables!$B$6,IF($A250="N/A",0,Variables!$B$3))),'Rates from Ireland Fedex Econom'!E250) -> 79 | F250: =IF(ISNUMBER('Rates from Ireland Fedex Econom'!F250),_xlfn.CEILING.MATH('Rates from Ireland Fedex Econom'!F250,1)+(IF($A250="EU",Variables!$B$6,IF($A250="N/A",0,Variables!$B$3))),'Rates from Ireland Fedex Econom'!F250) -> 83 | G250: =IF(ISNUMBER('Rates from Ireland Fedex Econom'!G250),_xlfn.CEILING.MATH('Rates from Ireland Fedex Econom'!G250,1)+(IF($A250="EU",Variables!$B$6,IF($A250="N/A",0,Variables!$B$3))),'Rates from Ireland Fedex Econom'!G250) -> 98 | H250: =IF(ISNUMBER('Rates from Ireland Fedex Econom'!H250),_xlfn.CEILING.MATH('Rates from Ireland Fedex Econom'!H250,1)+(IF($A250="EU",Variables!$B$6,IF($A250="N/A",0,Variables!$B$3))),'Rates from Ireland Fedex Econom'!H250) -> 120 | I250: =IF(ISNUMBER('Rates from Ireland Fedex Econom'!I250),_xlfn.CEILING.MATH('Rates from Ireland Fedex Econom'!I250,1)+(IF($A250="EU",Variables!$B$6,IF($A250="N/A",0,Variables!$B$3))),'Rates from Ireland Fedex Econom'!I250) -> 207 | J250: =IF(ISNUMBER('Rates from Ireland Fedex Econom'!J250),_xlfn.CEILING.MATH('Rates from Ireland Fedex Econom'!J250,1)+(IF($A250="EU",Variables!$B$6,IF($A250="N/A",0,Variables!$B$3))),'Rates from Ireland Fedex Econom'!J250) -> 257 | K250: =IF(ISNUMBER('Rates from Ireland Fedex Econom'!K250),_xlfn.CEILING.MATH('Rates from Ireland Fedex Econom'!K250,1)+(IF($A250="EU",Variables!$B$6,IF($A250="N/A",0,Variables!$B$3))),'Rates from Ireland Fedex Econom'!K250) -> 307 | L250: =IF(ISNUMBER('Rates from Ireland Fedex Econom'!L250),_xlfn.CEILING.MATH('Rates from Ireland Fedex Econom'!L250,1)+(IF($A250="EU",Variables!$B$6,IF($A250="N/A",0,Variables!$B$3))),'Rates from Ireland Fedex Econom'!L250) -> 140 | ... N250: =IF(ISNUMBER('Rates from Ireland Fedex Econom'!N250),_xlfn.CEILING.MATH('Rates from Ireland Fedex Econom'!N250,1)+(IF($A250="EU",Variables!$B$6,IF($A250="N/A",0,Variables!$B$3))),'Rates from Ireland Fedex Econom'!N250) -> 376 | O250: =IF('Rates from Ireland Fedex Econom'!O250="","",'Rates from Ireland Fedex Econom'!O250) -> 8-12 Days | P250: =IF('Rates from Ireland Fedex Econom'!P250="","",'Rates from Ireland Fedex Econom'!P250) -> 8-12 Days | Q250: =IF('Rates from Ireland Fedex Econom'!Q250="","",'Rates from Ireland Fedex Econom'!Q250) -> 80 | R250: =IF('Rates from Ireland Fedex Econom'!R250="","",'Rates from Ireland Fedex Econom'!R250) -> 4/5* | S250: =IF('Rates from Ireland Fedex Econom'!S250="","",'Rates from Ireland Fedex Econom'!S250) -> FedEx Economy | T250: =IF('Rates from Ireland Fedex Econom'!T250="","",'Rates from Ireland Fedex Econom'!T250) -> Economy
A1048559: =IF('Rates from Ireland Fedex Econom'!A1048559="","",'Rates from Ireland Fedex Econom'!A1048559)
A1048560: =IF('Rates from Ireland Fedex Econom'!A1048560="","",'Rates from Ireland Fedex Econom'!A1048560)
A1048561: =IF('Rates from Ireland Fedex Econom'!A1048561="","",'Rates from Ireland Fedex Econom'!A1048561)
A1048562: =IF('Rates from Ireland Fedex Econom'!A1048562="","",'Rates from Ireland Fedex Econom'!A1048562)
A1048563: =IF('Rates from Ireland Fedex Econom'!A1048563="","",'Rates from Ireland Fedex Econom'!A1048563)
A1048564: =IF('Rates from Ireland Fedex Econom'!A1048564="","",'Rates from Ireland Fedex Econom'!A1048564)
A1048565: =IF('Rates from Ireland Fedex Econom'!A1048565="","",'Rates from Ireland Fedex Econom'!A1048565)
A1048566: =IF('Rates from Ireland Fedex Econom'!A1048566="","",'Rates from Ireland Fedex Econom'!A1048566)
A1048567: =IF('Rates from Ireland Fedex Econom'!A1048567="","",'Rates from Ireland Fedex Econom'!A1048567)
A1048568: =IF('Rates from Ireland Fedex Econom'!A1048568="","",'Rates from Ireland Fedex Econom'!A1048568)
A1048569: =IF('Rates from Ireland Fedex Econom'!A1048569="","",'Rates from Ireland Fedex Econom'!A1048569)
A1048570: =IF('Rates from Ireland Fedex Econom'!A1048570="","",'Rates from Ireland Fedex Econom'!A1048570)
... A1048575: =IF('Rates from Ireland Fedex Econom'!A1048575="","",'Rates from Ireland Fedex Econom'!A1048575)

Sheet Rates from Ireland Fedex Econom
A1: ZONE | B1: Ship From | C1: Ship To | D1: Doc 0.5kg | E1: Paket 1kg | F1: Paket 2kg | G1: Box 5kg | H1: Box 10kg | I1: Box 15kg | J1: Box 20kg | K1: Box 25kg | L1: Suitcase 10kg | M1: Suitcase 20kg | N1: Suitcase 30kg | O1: Days ENV | P1: Days PARCEL | Q1: Insurance | R1: Rating | S1: Courier | T1: Service
A2: EU | B2: Ireland | C2: Afghanistan | D2: No service | E2: No service | F2: No service | G2: No service | H2: No service | I2: No service | J2: No service | K2: No service | L2: No service | M2: No service | N2: No service
A3: EU | B3: Ireland | C3: Albania | D3: 35.5 | E3: 35.5 | F3: 37.9 | G3: 45.5 | H3: 49 | I3: 55 | J3: 62 | K3: 69 | L3: 99 | M3: 105 | N3: 115 | O3: 8 Days | P3: 9 Days | Q3: 80 | R3: 4/5* | S3: FedEx Economy | T3: Economy
A4: EU | B4: Ireland | C4: Algeria | D4: 21.06 | E4: 22.46 | F4: 25.33 | G4: 36.04 | H4: 56.28 | I4: 106.58 | J4: 139.48 | K4: 175.68 | L4: 76.28 | M4: 159.48 | N4: 225.3 | O4: 3 Days | P4: 3-4 Days | Q4: 80 | R4: 4/5* | S4: FedEx Economy | T4: Economy
A5: EU | B5: Ireland | C5: American Samoa (US) | D5: 31.72 | E5: 33.75 | F5: 37.9 | G5: 52.36 | H5: No service | I5: No service | J5: No service | K5: No service | L5: No service | M5: No service | N5: No service | S5: FedEx Economy | T5: Economy
A6: EU | B6: Ireland | C6: Andorra | D6: 23 | E6: 19.7 | F6: 20 | G6: 21 | H6: 24.5 | I6: 30 | J6: 38 | K6: 42 | L6: 42 | M6: 67.5 | N6: 69 | O6: 6 Days | P6: 8 Days | Q6: 80 | R6: 4/5* | S6: FedEx Economy | T6: Economy
A7: EU | B7: Ireland | C7: Angola | D7: 31.72 | E7: 33.75 | F7: 37.9 | G7: 52.36 | H7: 74.7 | I7: 161.46 | J7: 211.93 | K7: 261.19 | L7: 94.7 | M7: 231.93 | N7: 330.21 | O7: 2-4 Days | P7: 2-5 Days | Q7: 80 | R7: 4/5* | S7: FedEx Economy | T7: Economy
A8: EU | B8: Ireland | C8: Anguilla | D8: 27.47 | E8: 28.9 | F8: 32.01 | G8: 44.79 | H8: 61.2 | I8: 142.62 | J8: 193.23 | K8: 212.93 | L8: 81.2 | M8: 213.23 | N8: 305.25 | O8: 7 Days | P8: 12-14 Days | Q8: 80 | R8: 4/5* | S8: FedEx Economy | T8: Economy
A9: EU | B9: Ireland | C9: Antigua and Barbuda | D9: 27.47 | E9: 28.9 | F9: 32.01 | G9: 44.79 | H9: 61.2 | I9: 142.62 | J9: 193.23 | K9: 212.93 | L9: 81.2 | M9: 213.23 | N9: 305.25 | O9: 5 Days | P9: 8 Days | Q9: 80 | R9: 4/5* | S9: FedEx Economy | T9: Economy
A10: EU | B10: Ireland | C10: Argentina | D10: 27.47 | E10: 28.9 | F10: 32.01 | G10: 44.79 | H10: 61.2 | I10: 142.62 | J10: 193.23 | K10: 212.93 | L10: 81.2 | M10: 213.23 | N10: 305.25 | O10: 5 Days | P10: 8 Days | Q10: 80 | R10: 4/5* | S10: FedEx Economy | T10: Economy
A11: EU | B11: Ireland | C11: Armenia | D11: 21.06 | E11: 22.46 | F11: 25.33 | G11: 36.04 | H11: 56.28 | I11: 106.58 | J11: 139.48 | K11: 175.68 | L11: 86.28 | M11: 179.48 | N11: 245.3 | O11: 3 Days | P11: 3-4 Days | Q11: 80 | R11: 4/5* | S11: FedEx Economy | T11: Economy
A12: EU | B12: Ireland | C12: Aruba (Netherlands) | D12: 27.47 | E12: 28.9 | F12: 32.01 | G12: 44.79 | H12: 61.2 | I12: 142.62 | J12: 193.23 | K12: 212.93 | L12: 81.2 | M12: 213.23 | N12: 305.25 | O12: 5 Days | P12: 8 Days | Q12: 80 | R12: 4/5* | S12: FedEx Economy | T12: Economy
A13: EU | B13: Ireland | C13: Australia | D13: 47.67 | E13: 51 | F13: 57.86 | G13: 86.22 | H13: 122.52 | I13: 188 | J13: 247.16 | K13: 306.73 | L13: 142.52 | M13: 203.23 | N13: 386.3 | O13: 5 Days | P13: 8 Days | Q13: 80 | R13: 4/5* | S13: FedEx Economy | T13: Economy
A14: EU | B14: Ireland | C14: Austria | D14: 23 | E14: 19.7 | F14: 20 | G14: 21 | H14: 24.5 | I14: 30 | J14: 38 | K14: 42 | L14: 42 | M14: 67.5 | N14: 69 | O14: 3 Days | P14: 8 Days | Q14: 80 | R14: 4/5* | S14: FedEx Economy | T14: Economy
A15: EU | B15: Ireland | C15: Azerbaijan | D15: 21.06 | E15: 22.46 | F15: 25.33 | G15: 36.04 | H15: 56.28 | I15: 106.58 | J15: 139.48 | K15: 175.68 | L15: 76.28 | M15: 159.48 | N15: 225.3 | O15: 3 Days | P15: 3-4 Days | Q15: 80 | R15: 4/5* | S15: FedEx Economy | T15: Economy
A16: EU | B16: Ireland | C16: Bahamas | D16: 27.47 | E16: 28.9 | F16: 32.01 | G16: 44.79 | H16: 61.2 | I16: 142.62 | J16: 193.23 | K16: 212.93 | L16: 81.2 | M16: 213.23 | N16: 305.25 | O16: 5 Days | P16: 8 Days | Q16: 80 | R16: 4/5* | S16: FedEx Economy | T16: Economy
A17: EU | B17: Ireland | C17: Bahrain | D17: 21.06 | E17: 22.46 | F17: 25.33 | G17: 36.04 | H17: 56.28 | I17: 106.58 | J17: 139.48 | K17: 175.68 | L17: 76.28 | M17: 159.48 | N17: 225.3 | O17: 3 Days | P17: 3-4 Days | Q17: 80 | R17: 4/5* | S17: FedEx Economy | T17: Economy
... A19: EU | B19: Ireland | C19: Barbados | D19: 27.47 | E19: 28.9 | F19: 32.01 | G19: 44.79 | H19: 61.2 | I19: 142.62 | J19: 193.23 | K19: 212.93 | L19: 81.2 | M19: 213.23 | N19: 305.25 | O19: 5 Days | P19: 8 Days | Q19: 80 | R19: 4/5* | S19: FedEx Economy | T19: Economy
A20: EU | B20: Ireland | C20: Belarus | D20: No service | E20: No service | F20: No service | G20: No service | H20: No service | I20: No service | J20: No service | K20: No service | L20: No service | M20: No service | N20: No service | S20: FedEx Economy | T20: Economy
A21: EU | B21: Ireland | C21: Belgium | D21: 21.5 | E21: 19.1 | F21: 21 | G21: 23 | H21: 25 | I21: 29 | J21: 36 | K21: 41 | L21: 63 | M21: 69 | N21: 73 | O21: 3 Days | P21: 5 Days | Q21: 80 | R21: 4/5* | S21: FedEx Economy | T21: Economy
A22: EU | B22: Ireland | C22: Belize | D22: 27.47 | E22: 28.9 | F22: 32.01 | G22: 44.79 | H22: 61.2 | I22: 142.62 | J22: 193.23 | K22: 212.93 | L22: 81.2 | M22: 213.23 | N22: 305.25 | O22: 5 Days | P22: 8 Days | Q22: 80 | R22: 4/5* | S22: FedEx Economy | T22: Economy
A23: EU | B23: Ireland | C23: Benin | D23: 34.52 | E23: 33.75 | F23: 37.9 | G23: 52.36 | H23: 74.7 | I23: 161.46 | J23: 211.93 | K23: 261.19 | L23: 94.7 | M23: 231.53 | N23: 330.31 | O23: 5 Days | P23: 9 Days | Q23: 80 | R23: 4/5* | S23: FedEx Economy | T23: Economy
A24: EU | B24: Ireland | C24: Bermuda (BOT) | D24: 27.47 | E24: 28.9 | F24: 32.01 | G24: 44.79 | H24: 61.2 | I24: 142.62 | J24: 193.23 | K24: 212.93 | L24: 81.2 | M24: 213.23 | N24: 305.25 | O24: 5 Days | P24: 8 Days | Q24: 80 | R24: 4/5* | S24: FedEx Economy | T24: Economy
A25: EU | B25: Ireland | C25: Bhutan | D25: 21.06 | E25: 22.46 | F25: 25.33 | G25: 36.04 | H25: 56.28 | I25: 106.58 | J25: 139.48 | K25: 175.68 | L25: 76.28 | M25: 159.48 | N25: 225.3 | O25: 3 Days | P25: 3-4 Days | Q25: 80 | R25: 4/5* | S25: FedEx Economy | T25: Economy
A26: EU | B26: Ireland | C26: Bolivia | D26: 30.11 | E26: 28.9 | F26: 32.01 | G26: 44.79 | H26: 61.2 | I26: 142.62 | J26: 193.23 | K26: 239.48 | L26: 81.2 | M26: 213.23 | N26: 305.25 | O26: 8 Days | P26: 9 Days | Q26: 80 | R26: 4/5* | S26: FedEx Economy | T26: Economy
A27: EU | B27: Ireland | C27: Bonaire | D27: 30.11 | E27: 28.9 | F27: 32.01 | G27: 44.79 | H27: 61.2 | I27: 142.62 | J27: 193.23 | K27: 239.48 | L27: 81.2 | M27: 213.23 | N27: 305.25 | O27: 8 Days | P27: 9 Days | Q27: 80 | R27: 4/5* | S27: FedEx Economy | T27: Economy
A28: EU | B28: Ireland | C28: Bosnia and Herzegovina | D28: 35.5 | E28: 35.5 | F28: 37.9 | G28: 45.5 | H28: 49 | I28: 55 | J28: 62 | K28: 69 | L28: 79 | M28: 85 | N28: 95 | O28: 3 Days | P28: 4 Days | Q28: 80 | R28: 4/5* | S28: FedEx Economy | T28: Economy
A29: EU | B29: Ireland | C29: Botswana | D29: 31.72 | E29: 33.75 | F29: 37.9 | G29: 52.36 | H29: 74.7 | I29: 161.46 | J29: 211.93 | K29: 261.19 | L29: 94.7 | M29: 231.93 | N29: 330.21 | O29: 2-4 Days | P29: 2-5 Days | Q29: 80 | R29: 4/5* | S29: FedEx Economy | T29: Economy
A30: EU | B30: Ireland | C30: Brazil | D30: 27.47 | E30: 28.9 | F30: 32.01 | G30: 44.79 | H30: 61.2 | I30: 142.62 | J30: 193.23 | K30: 212.93 | L30: 81.2 | M30: 213.23 | N30: 305.25 | O30: 5 Days | P30: 8 Days | Q30: 80 | R30: 4/5* | S30: FedEx Economy | T30: Economy
A31: EU | B31: Ireland | C31: British Virgin Islands | D31: 30.11 | E31: 28.9 | F31: 32.01 | G31: 44.79 | H31: 61.2 | I31: 142.62 | J31: 193.23 | K31: 239.48 | L31: 81.2 | M31: 213.23 | N31: 305.25 | O31: 8 Days | P31: 9 Days | Q31: 80 | R31: 4/5* | S31: FedEx Economy | T31: Economy
A32: EU | B32: Ireland | C32: Brunei | D32: 21.06 | E32: 22.46 | F32: 25.33 | G32: 36.04 | H32: 56.28 | I32: 106.58 | J32: 139.48 | K32: 175.68 | L32: 76.28 | M32: 159.48 | N32: 225.3 | O32: 3 Days | P32: 3-4 Days | Q32: 80 | R32: 4/5* | S32: FedEx Economy | T32: Economy
... A40: EU | B40: Ireland | C40: Cayman Islands | D40: 27.47 | E40: 28.9 | F40: 32.01 | G40: 44.79 | H40: 61.2 | I40: 142.62 | J40: 193.23 | K40: 212.93 | L40: 81.2 | M40: 213.23 | N40: 305.25 | O40: 5 Days | P40: 8 Days | Q40: 80 | R40: 4/5* | S40: FedEx Economy | T40: Economy
A41: EU | B41: Ireland | C41: Central African Republic | D41: No service | E41: No service | F41: No service | G41: No service | H41: No service | I41: No service | J41: No service | K41: No service | L41: No service | M41: No service | N41: No service | S41: FedEx Economy | T41: Economy
A42: EU | B42: Ireland | C42: Chad | D42: 31.72 | E42: 33.75 | F42: 37.9 | G42: 52.36 | H42: 74.7 | I42: 161.46 | J42: 211.93 | K42: 261.19 | L42: 94.7 | M42: 231.93 | N42: 330.21 | O42: 2-4 Days | P42: 2-5 Days | Q42: 80 | R42: 4/5* | S42: FedEx Economy | T42: Economy
A43: EU | B43: Ireland | C43: Chile | D43: 27.47 | E43: 28.9 | F43: 32.01 | G43: 44.79 | H43: 61.2 | I43: 142.62 | J43: 193.23 | K43: 212.93 | L43: 81.2 | M43: 213.23 | N43: 305.25 | O43: 5 Days | P43: 8 Days | Q43: 80 | R43: 4/5* | S43: FedEx Economy | T43: Economy
A44: EU | B44: Ireland | C44: China | D44: 18.61 | E44: 48.34 | F44: 50.89 | G44: 61.24 | H44: 72.42 | I44: 124.48 | J44: 156.66 | K44: 187.1 | L44: 92.42 | M44: 177 | N44: 237.37 | O44: 3-4 Days | P44: 10 Days | Q44: 80 | S44: FedEx Economy | T44: Economy
A45: EU | B45: Ireland | C45: Christmas Island | D45: No service | E45: No service | F45: No service | G45: No service | H45: No service | I45: No service | J45: No service | K45: No service | L45: No service | M45: No service | N45: No service | S45: FedEx Economy | T45: Economy
A46: EU | B46: Ireland | C46: Cocos (Keeling) Islands | D46: No service | E46: No service | F46: No service | G46: No service | H46: No service | I46: No service | J46: No service | K46: No service | L46: No service | M46: No service | N46: No service | S46: FedEx Economy | T46: Economy
A47: EU | B47: Ireland | C47: Colombia | D47: 27.47 | E47: 28.9 | F47: 32.01 | G47: 44.79 | H47: 61.2 | I47: 142.62 | J47: 193.23 | K47: 212.93 | L47: 81.2 | M47: 213.23 | N47: 305.25 | O47: 5 Days | P47: 8 Days | Q47: 80 | R47: 4/5* | S47: FedEx Economy | T47: Economy
A48: EU | B48: Ireland | C48: Comoros | D48: No service | E48: No service | F48: No service | G48: No service | H48: No service | I48: No service | J48: No service | K48: No service | L48: No service | M48: No service | N48: No service | S48: FedEx Economy | T48: Economy
A49: EU | B49: Ireland | C49: Congo | D49: 31.72 | E49: 33.75 | F49: 37.9 | G49: 52.36 | H49: 74.7 | I49: 161.46 | J49: 211.93 | K49: 261.19 | L49: 94.7 | M49: 231.93 | N49: 330.21 | O49: 2-4 Days | P49: 2-5 Days | Q49: 80 | R49: 4/5* | S49: FedEx Economy | T49: Economy
A50: EU | B50: Ireland | C50: Cook Islands | D50: 31.72 | E50: 33.75 | F50: 37.9 | G50: 52.36 | H50: 74.7 | I50: 161.46 | J50: 211.93 | K50: 261.19 | L50: 94.7 | M50: 231.93 | N50: 330.21 | O50: 2-4 Days | P50: 2-5 Days | Q50: 80 | R50: 4/5* | S50: FedEx Economy | T50: Economy
A51: EU | B51: Ireland | C51: Costa Rica | D51: 27.47 | E51: 28.9 | F51: 32.01 | G51: 44.79 | H51: 61.2 | I51: 142.62 | J51: 193.23 | K51: 212.93 | L51: 81.2 | M51: 213.23 | N51: 305.25 | O51: 5 Days | P51: 8 Days | Q51: 80 | R51: 4/5* | S51: FedEx Economy | T51: Economy
A52: EU | B52: Ireland | C52: Croatia | D52: 28 | E52: 27 | F52: 29 | G52: 31 | H52: 33 | I52: 44 | J52: 50 | K52: 57 | L52: 79 | M52: 85 | N52: 89 | O52: 4 Days | P52: 12 Days | Q52: 80 | R52: 4/5* | S52: FedEx Economy | T52: Economy
A53: EU | B53: Ireland | C53: Cuba | D53: No service | E53: No service | F53: No service | G53: No service | H53: No service | I53: No service | J53: No service | K53: No service | L53: No service | M53: No service | N53: No service | S53: FedEx Economy | T53: Economy
A54: EU | B54: Ireland | C54: Curacao | D54: 27.47 | E54: 28.9 | F54: 32.01 | G54: 44.79 | H54: 61.2 | I54: 142.62 | J54: 193.23 | K54: 212.93 | L54: 81.2 | M54: 213.23 | N54: 305.25 | O54: 5 Days | P54: 8 Days | Q54: 80 | R54: 4/5* | S54: FedEx Economy | T54: Economy
A55: EU | B55: Ireland | C55: Cyprus | D55: 45 | E55: 44 | F55: 44 | G55: 49 | H55: 55 | I55: 66 | J55: 76 | K55: 85 | L55: 109 | M55: 117 | N55: 135 | O55: 4 Days | P55: 6-9 Days | Q55: 80 | R55: 4/5* | S55: FedEx Economy | T55: Economy
A56: EU | B56: Ireland | C56: Czech Republic | D56: 28 | E56: 27 | F56: 29 | G56: 31 | H56: 33 | I56: 44 | J56: 50 | K56: 57 | L56: 59 | M56: 65 | N56: 69 | O56: 4 Days | P56: 12 Days | Q56: 80 | R56: 4/5* | S56: FedEx Economy | T56: Economy
A57: EU | B57: Ireland | C57: Denmark | D57: 21.45 | E57: 19.61 | F57: 20 | G57: 22 | H57: 27 | I57: 32.32 | J57: 37.29 | K57: 42.26 | L57: 47 | M57: 57.29 | N57: 69 | O57: 3 Days | P57: 6 Days | Q57: 80 | R57: 4/5* | S57: FedEx Economy | T57: Economy
A58: EU | B58: Ireland | C58: Djibouti | D58: 31.72 | E58: 33.75 | F58: 37.9 | G58: 52.36 | H58: 74.7 | I58: 161.46 | J58: 211.93 | K58: 261.19 | L58: 94.7 | M58: 231.93 | N58: 330.21 | O58: 2-4 Days | P58: 2-5 Days | Q58: 80 | R58: 4/5* | S58: FedEx Economy | T58: Economy
A59: EU | B59: Ireland | C59: Dominica | D59: 27.47 | E59: 28.9 | F59: 32.01 | G59: 44.79 | H59: 61.2 | I59: 142.62 | J59: 193.23 | K59: 212.93 | L59: 81.2 | M59: 213.23 | N59: 305.25 | O59: 5 Days | P59: 8 Days | Q59: 80 | R59: 4/5* | S59: FedEx Economy | T59: Economy
A60: EU | B60: Ireland | C60: Dominican Republic | D60: 27.47 | E60: 28.9 | F60: 32.01 | G60: 44.79 | H60: 61.2 | I60: 142.62 | J60: 193.23 | K60: 212.93 | L60: 81.2 | M60: 213.23 | N60: 305.25 | O60: 5 Days | P60: 8 Days | Q60: 80 | R60: 4/5* | S60: FedEx Economy | T60: Economy
A61: EU | B61: Ireland | C61: DR Congo | D61: 31.72 | E61: 33.75 | F61: 37.9 | G61: 52.36 | H61: 74.7 | I61: 161.46 | J61: 211.93 | K61: 261.19 | L61: 94.7 | M61: 231.93 | N61: 330.21 | O61: 2-4 Days | P61: 2-5 Days | Q61: 80 | R61: 4/5* | S61: FedEx Economy | T61: Economy
A62: EU | B62: Ireland | C62: East Timor | D62: No service | E62: No service | F62: No service | G62: No service | H62: No service | I62: No service | J62: No service | K62: No service | L62: No service | M62: No service | N62: No service | S62: FedEx Economy | T62: Economy
A63: EU | B63: Ireland | C63: Ecuador | D63: No service | E63: No service | F63: No service | G63: No service | H63: No service | I63: No service | J63: No service | K63: No service | L63: No service | M63: No service | N63: No service | S63: FedEx Economy | T63: Economy
A64: EU | B64: Ireland | C64: Egypt | D64: 21.06 | E64: 22.46 | F64: 25.33 | G64: 36.04 | H64: 56.28 | I64: 106.58 | J64: 139.48 | K64: 175.68 | L64: 76.28 | M64: 159.48 | N64: 225.3 | O64: 3 Days | P64: 3-4 Days | Q64: 80 | R64: 4/5* | S64: FedEx Economy | T64: Economy
A65: EU | B65: Ireland | C65: El Salvador | D65: 27.47 | E65: 28.9 | F65: 32.01 | G65: 44.79 | H65: 61.2 | I65: 142.62 | J65: 193.23 | K65: 212.93 | L65: 81.2 | M65: 213.23 | N65: 305.25 | O65: 5 Days | P65: 8 Days | Q65: 80 | R65: 4/5* | S65: FedEx Economy | T65: Economy
A66: EU | B66: Ireland | C66: Equatorial Guinea | D66: No service | E66: No service | F66: No service | G66: No service | H66: No service | I66: No service | J66: No service | K66: No service | L66: No service | M66: No service | N66: No service | S66: FedEx Economy | T66: Economy
A67: EU | B67: Ireland | C67: Eritrea | D67: 31.72 | E67: 33.75 | F67: 37.9 | G67: 52.36 | H67: 74.7 | I67: 161.46 | J67: 211.93 | K67: 261.19 | L67: 94.7 | M67: 231.93 | N67: 330.21 | O67: 2-4 Days | P67: 2-5 Days | Q67: 80 | R67: 4/5* | S67: FedEx Economy | T67: Economy
A68: EU | B68: Ireland | C68: Estonia | D68: 26.62 | E68: 25.81 | F68: 26 | G68: 29 | H68: 30.54 | I68: 43.12 | J68: 49.8 | K68: 56.49 | L68: 50.54 | M68: 68.44 | N68: 84.34 | O68: 3 Days | P68: 10-12 Days | Q68: 80 | R68: 4/5* | S68: FedEx Economy | T68: Economy
A69: EU | B69: Ireland | C69: Eswatini | D69: 31.72 | E69: 33.75 | F69: 37.9 | G69: 52.36 | H69: 74.7 | I69: 161.46 | J69: 211.93 | K69: 261.19 | L69: 94.7 | M69: 231.93 | N69: 330.21 | O69: 2-4 Days | P69: 2-5 Days | Q69: 80 | R69: 4/5* | S69: FedEx Economy | T69: Economy
A70: EU | B70: Ireland | C70: Ethiopia | D70: 31.72 | E70: 33.75 | F70: 37.9 | G70: 52.36 | H70: 74.7 | I70: 161.46 | J70: 211.93 | K70: 261.19 | L70: 94.7 | M70: 231.93 | N70: 330.21 | O70: 2-4 Days | P70: 2-5 Days | Q70: 80 | R70: 4/5* | S70: FedEx Economy | T70: Economy
A71: EU | B71: Ireland | C71: Falkland Islands | D71: No service | E71: No service | F71: No service | G71: No service | H71: No service | I71: No service | J71: No service | K71: No service | L71: No service | M71: No service | N71: No service | S71: FedEx Economy | T71: Economy
A72: EU | B72: Ireland | C72: Faroe Islands (Denmark) | D72: 17.44 | E72: 19.61 | F72: 20 | G72: 22 | H72: 27 | I72: 32.32 | J72: 37.29 | K72: 42.26 | L72: 47 | M72: 57.29 | N72: 69 | O72: 3 Days | P72: 6 Days | Q72: 80 | R72: 4/5* | S72: FedEx Economy | T72: Economy
A73: EU | B73: Ireland | C73: Fiji | D73: 31.72 | E73: 33.75 | F73: 37.9 | G73: 52.36 | H73: 74.7 | I73: 161.46 | J73: 211.93 | K73: 261.19 | L73: 94.7 | M73: 231.93 | N73: 330.21 | O73: 2-4 Days | P73: 2-5 Days | Q73: 80 | R73: 4/5* | S73: FedEx Economy | T73: Economy
A74: EU | B74: Ireland | C74: Finland | D74: 21.45 | E74: 19.61 | F74: 20 | G74: 22 | H74: 27 | I74: 32.32 | J74: 37.29 | K74: 42.26 | L74: 47 | M74: 57.29 | N74: 69 | O74: 3 Days | P74: 6 Days | Q74: 80 | R74: 4/5* | S74: FedEx Economy | T74: Economy
A75: EU | B75: Ireland | C75: France | D75: 21.5 | E75: 19.1 | F75: 21 | G75: 23 | H75: 25 | I75: 29 | J75: 36 | K75: 41 | L75: 63 | M75: 69 | N75: 73 | O75: 3 Days | P75: 6 Days | Q75: 80 | R75: 4/5* | S75: FedEx Economy | T75: Economy
A76: EU | B76: Ireland | C76: French Guiana (France) | D76: 27.47 | E76: 28.9 | F76: 32.01 | G76: 44.79 | H76: 61.2 | I76: 142.62 | J76: 193.23 | K76: 212.93 | L76: 81.2 | M76: 213.23 | N76: 305.25 | O76: 5 Days | P76: 8 Days | Q76: 80 | R76: 4/5* | S76: FedEx Economy | T76: Economy
A77: EU | B77: Ireland | C77: French Polynesia (France) | D77: 27.47 | E77: 28.9 | F77: 32.01 | G77: 44.79 | H77: 61.2 | I77: 142.62 | J77: 193.23 | K77: 212.93 | L77: 81.2 | M77: 213.23 | N77: 305.25 | O77: 5 Days | P77: 8 Days | Q77: 80 | R77: 4/5* | S77: FedEx Economy | T77: Economy
A78: EU | B78: Ireland | C78: Gabon | D78: 31.72 | E78: 33.75 | F78: 37.9 | G78: 52.36 | H78: 74.7 | I78: 161.46 | J78: 211.93 | K78: 261.19 | L78: 94.7 | M78: 231.93 | N78: 330.21 | O78: 2-4 Days | P78: 2-5 Days | Q78: 80 | R78: 4/5* | S78: FedEx Economy | T78: Economy
A79: EU | B79: Ireland | C79: Gambia | D79: 31.72 | E79: 33.75 | F79: 37.9 | G79: 52.36 | H79: 74.7 | I79: 161.46 | J79: 211.93 | K79: 261.19 | L79: 94.7 | M79: 231.93 | N79: 330.21 | O79: 9 Days | P79: 10-12 Days | Q79: 80 | R79: 4/5* | S79: FedEx Economy | T79: Economy
A80: EU | B80: Ireland | C80: Georgia | D80: 21.06 | E80: 22.46 | F80: 25.33 | G80: 36.04 | H80: 56.28 | I80: 106.58 | J80: 139.48 | K80: 175.68 | L80: 76.28 | M80: 159.48 | N80: 225.3 | O80: 3 Days | P80: 3-4 Days | Q80: 80 | R80: 4/5* | S80: FedEx Economy | T80: Economy
A81: EU | B81: Ireland | C81: Germany | D81: 21.5 | E81: 19.1 | F81: 21 | G81: 23 | H81: 25 | I81: 29 | J81: 36 | K81: 41 | L81: 63 | M81: 69 | N81: 73 | O81: 3 Days | P81: 5 Days | Q81: 80 | R81: 4/5* | S81: FedEx Economy | T81: Economy
A82: EU | B82: Ireland | C82: Ghana | D82: 31.72 | E82: 33.75 | F82: 37.9 | G82: 52.36 | H82: 74.7 | I82: 161.46 | J82: 211.93 | K82: 261.19 | L82: 94.7 | M82: 231.93 | N82: 330.21 | O82: 2-4 Days | P82: 2-5 Days | Q82: 80 | R82: 4/5* | S82: FedEx Economy | T82: Economy
A83: EU | B83: Ireland | C83: Gibraltar | D83: 17.44 | E83: 19.61 | F83: 20 | G83: 22 | H83: 27 | I83: 32.32 | J83: 37.29 | K83: 42.26 | L83: 47 | M83: 57.29 | N83: 69 | O83: 3 Days | P83: 6 Days | Q83: 80 | R83: 4/5* | S83: FedEx Economy | T83: Economy
... A90: EU | B90: Ireland | C90: Guatemala | D90: 27.47 | E90: 28.9 | F90: 32.01 | G90: 44.79 | H90: 61.2 | I90: 142.62 | J90: 193.23 | K90: 212.93 | L90: 81.2 | M90: 213.23 | N90: 305.25 | O90: 5 Days | P90: 8 Days | Q90: 80 | R90: 4/5* | S90: FedEx Economy | T90: Economy
A91: EU | B91: Ireland | C91: Guernsey | D91: No service | E91: No service | F91: No service | G91: No service | H91: No service | I91: No service | J91: No service | K91: No service | L91: No service | M91: No service | N91: No service | S91: FedEx Economy | T91: Economy
A92: EU | B92: Ireland | C92: Guinea | D92: 31.72 | E92: 33.75 | F92: 37.9 | G92: 52.36 | H92: 74.7 | I92: 161.46 | J92: 211.93 | K92: 261.19 | L92: 94.7 | M92: 231.93 | N92: 330.21 | O92: 2-4 Days | P92: 2-5 Days | Q92: 80 | R92: 4/5* | S92: FedEx Economy | T92: Economy
A93: EU | B93: Ireland | C93: Guinea-Bissau | D93: No service | E93: No service | F93: No service | G93: No service | H93: No service | I93: No service | J93: No service | K93: No service | L93: No service | M93: No service | N93: No service | S93: FedEx Economy | T93: Economy
A94: EU | B94: Ireland | C94: Guyana | D94: 27.47 | E94: 28.9 | F94: 32.01 | G94: 44.79 | H94: 61.2 | I94: 142.62 | J94: 193.23 | K94: 212.93 | L94: 81.2 | M94: 213.23 | N94: 305.25 | O94: 5 Days | P94: 8 Days | Q94: 80 | R94: 4/5* | S94: FedEx Economy | T94: Economy
A95: EU | B95: Ireland | C95: Haiti | D95: 27.47 | E95: 28.9 | F95: 32.01 | G95: 44.79 | H95: 61.2 | I95: 142.62 | J95: 193.23 | K95: 212.93 | L95: 81.2 | M95: 213.23 | N95: 305.25 | O95: 5 Days | P95: 8 Days | Q95: 80 | R95: 4/5* | S95: FedEx Economy | T95: Economy
A96: EU | B96: Ireland | C96: Honduras | D96: 27.47 | E96: 28.9 | F96: 32.01 | G96: 44.79 | H96: 61.2 | I96: 142.62 | J96: 193.23 | K96: 212.93 | L96: 81.2 | M96: 213.23 | N96: 305.25 | O96: 5 Days | P96: 8 Days | Q96: 80 | R96: 4/5* | S96: FedEx Economy | T96: Economy
A97: EU | B97: Ireland | C97: Hong Kong | D97: 18.61 | E97: 48.34 | F97: 50.89 | G97: 61.24 | H97: 72.42 | I97: 124.48 | J97: 156.66 | K97: 187.1 | L97: 92.42 | M97: 177 | N97: 237.37 | O97: 3-4 Days | P97: 10 Days | Q97: 80 | R97: 4/5* | S97: FedEx Economy | T97: Economy
A98: EU | B98: Ireland | C98: Hungary | D98: 27 | E98: 27 | F98: 29 | G98: 31 | H98: 33 | I98: 44 | J98: 50 | K98: 57 | L98: 79 | M98: 85 | N98: 89 | O98: 3 Days | P98: 6-9 Days | Q98: 80 | R98: 4/5* | S98: FedEx Economy | T98: Economy
A99: EU | B99: Ireland | C99: Iceland | D99: 35.64 | E99: 48 | F99: 48 | G99: 51.3 | H99: 61 | I99: 67 | J99: 74 | K99: 81 | L99: 81 | M99: 94 | N99: 108 | O99: 4 Days | P99: 9 Days | Q99: 80 | R99: 4/5* | S99: FedEx Economy | T99: Economy
A100: EU | B100: Ireland | C100: India | D100: 21.06 | E100: 22.46 | F100: 25.33 | G100: 36.04 | H100: 56.28 | I100: 106.58 | J100: 139.48 | K100: 175.68 | L100: 76.28 | M100: 159.48 | N100: 225.3 | O100: 4 Days | P100: 6-9 Days | Q100: 80 | R100: 4/5* | S100: FedEx Economy | T100: Economy
A101: EU | B101: Ireland | C101: Indonesia | D101: 29 | E101: 26.44 | F101: 31 | G101: 43.9 | H101: 63 | I101: 111 | J101: 145.8 | K101: 180 | L101: 83 | M101: 165.5 | N101: 234 | O101: 5 Days | P101: 7-9 Days | Q101: 80 | R101: 4/5* | S101: FedEx Economy | T101: Economy
A102: EU | B102: Ireland | C102: Iran | D102: No service | E102: No service | F102: No service | G102: No service | H102: No service | I102: No service | J102: No service | K102: No service | L102: No service | M102: No service | N102: No service | S102: FedEx Economy | T102: Economy
A103: N/A | B103: Ireland | C103: Ireland | D103: 23 | E103: 16 | F103: 16 | G103: 16 | H103: 16 | I103: 16 | J103: 16 | K103: 25 | L103: 25 | M103: 29 | N103: 35 | O103: 1 Day | P103: 1 Day | Q103: 80 | R103: 4/5* | S103: FedEx Economy | T103: Economy
A104: EU | B104: Ireland | C104: Iraq | D104: 31.72 | E104: 33.75 | F104: 37.9 | G104: 52.36 | H104: 74.7 | I104: 161.46 | J104: 211.93 | K104: 261.19 | L104: 94.7 | M104: 231.93 | N104: 330.21 | O104: 2-4 Days | P104: 2-5 Days | Q104: 80 | R104: 4/5* | S104: FedEx Economy | T104: Economy
A105: EU | B105: Ireland | C105: Isle of Man | D105: No service | E105: No service | F105: No service | G105: No service | H105: No service | I105: No service | J105: No service | K105: No service | L105: No service | M105: No service | N105: No service | R105: 4/5* | S105: FedEx Economy | T105: Economy
A106: EU | B106: Ireland | C106: Israel | D106: 21.06 | E106: 22.46 | F106: 25.33 | G106: 36.04 | H106: 56.28 | I106: 106.58 | J106: 139.48 | K106: 175.68 | L106: 76.28 | M106: 159.48 | N106: 225.3 | O106: 3 Days | P106: 3-4 Days | Q106: 80 | R106: 4/5* | S106: FedEx Economy | T106: Economy
A107: EU | B107: Ireland | C107: Italy | D107: 22.28 | E107: 19.61 | F107: 20 | G107: 22 | H107: 27 | I107: 32.32 | J107: 37.29 | K107: 42.26 | L107: 47 | M107: 57.29 | N107: 69 | O107: 3 Days | P107: 7 Days | Q107: 80 | R107: 4/5* | S107: FedEx Economy | T107: Economy
A108: EU | B108: Ireland | C108: Italy Island | D108: 39.5 | E108: 51.13 | F108: 52 | G108: 57 | H108: 62 | I108: 65 | J108: 71 | K108: 83 | L108: 82 | M108: 91 | N108: 104 | O108: 8 Days | P108: 12-14 Days | Q108: 80 | R108: 4/5* | S108: FedEx Economy | T108: Economy
A109: EU | B109: Ireland | C109: Ivory Coast | D109: 31.72 | E109: 33.75 | F109: 37.9 | G109: 52.36 | H109: 74.7 | I109: 161.46 | J109: 211.93 | K109: 261.19 | L109: 94.7 | M109: 231.93 | N109: 330.21 | O109: 2-4 Days | P109: 2-5 Days | Q109: 80 | R109: 4/5* | S109: FedEx Economy | T109: Economy
A110: EU | B110: Ireland | C110: Jamaica | D110: 27.47 | E110: 28.9 | F110: 32.01 | G110: 44.79 | H110: 61.2 | I110: 142.62 | J110: 193.23 | K110: 212.93 | L110: 81.2 | M110: 213.23 | N110: 305.25 | O110: 5 Days | P110: 8 Days | Q110: 80 | R110: 4/5* | S110: FedEx Economy | T110: Economy
A111: EU | B111: Ireland | C111: Japan | D111: 24.68 | E111: 55 | F111: 59 | G111: 72.5 | H111: 91 | I111: 139 | J111: 174 | K111: 209 | L111: 159 | M111: 194 | N111: 262.5 | O111: 9 Days | P111: 10-12 Days | Q111: 80 | R111: 4/5* | S111: FedEx Economy | T111: Economy
A112: EU | B112: Ireland | C112: Jersey | D112: 21.06 | E112: 22.46 | F112: 25.33 | G112: 36.04 | H112: 56.28 | I112: 106.58 | J112: 139.48 | K112: 175.68 | L112: 76.28 | M112: 159.48 | N112: 225.3 | O112: 3 Days | P112: 6 Days | Q112: 80 | R112: 4/5* | S112: FedEx Economy | T112: Economy
A113: EU | B113: Ireland | C113: Jordan | D113: 21.06 | E113: 22.46 | F113: 25.33 | G113: 36.04 | H113: 56.28 | I113: 106.58 | J113: 139.48 | K113: 175.68 | L113: 76.28 | M113: 159.48 | N113: 225.3 | O113: 3 Days | P113: 3-4 Days | Q113: 80 | R113: 4/5* | S113: FedEx Economy | T113: Economy
A114: EU | B114: Ireland | C114: Kazakhstan | D114: 31.72 | E114: 33.75 | F114: 37.9 | G114: 52.36 | H114: 74.7 | I114: 161.46 | J114: 211.93 | K114: 261.19 | L114: 94.7 | M114: 231.93 | N114: 330.21 | O114: 2-4 Days | P114: 2-5 Days | Q114: 80 | R114: 4/5* | S114: FedEx Economy | T114: Economy
...

Sheet Variables
A1: All
A2: Col D | B2: 40
A3: Col E - N | B3: 50
A4: EU
A5: Col D | B5: 30
A6: Col E - N | B6: 45

Sheet MAx dimension by weight
A1: Weight (kg) | B1: Max Volume (cm³) | C1: Example Dimensions (cm) | F1: Suitcase extra fee to standard rates plus | G1: 20
A2: 1 kg | B2: 5000 cm³ | C2: 20 × 20 × 12.5
A3: 2 kg | B3: 10,000 cm³ | C3: 25 × 25 × 16
A4: 5 kg | B4: 25,000 cm³ | C4: 40 x 30 x 21
A5: 10 kg | B5: 50,000 cm³ | C5: 50 × 40 × 25
A6: 15 kg | B6: 75,000 cm³ | C6: 60 × 50 × 25
A7: 20 kg | B7: 100,000 cm³ | C7: 70 × 50 × 28.6
A8: 25 kg | B8: 125,000 cm³ | C8: 80 × 50 × 31.25
A9: Suitcase 10 kg | B9: 50,000 cm³ | C9: 55 × 35 × 26.4
A10: Suitcase 20 kg | B10: 100,000 cm³ | C10: 70 × 45 × 31.7
A11: Suitcase 30 kg | B11: 150,000 cm³ | C11: 80 × 50 × 37.5

Sheet Instructions
A1: Range D3:N251: Loops through all the cells in this range.
A2: White Cells:
A3: Column D → Add €40 to current value
A4: Columns E to N → Add €50 to current value
A5: Blue Cells:
A6: Column D → Add €30 to current value
A7: Columns E to N → Add €45 to current value
A9: No applied where NO SERVICE or BLANK CELL WITH NO VALUE
A12: Round every value to NEXT round
